Fecha,Producto,Ventas_Unidades,Intensidad_Lluvia,Temp_Max,Temp_Min,Importancia_Concierto,Importancia_Partido_Local,Importancia_Partido_TV,Importancia_Previa_Festivo,Importancia_Festivo,Momento_Mes,Intensidad_Operacion_Salida,Nivel_Turismo,Producto_Viral_TikTok
"2026-08-01,""Agua mineral Bronchales 1,5 L"",484,0,20,14,0,0,0,0,0,Principio,97,65,Ninguno"
2026-08-01,Leche entera Hacendado 1 L,400,0,20,14,0,0,0,0,0,Principio,97,65,Ninguno
2026-08-01,Leche semidesnatada Hacendado 1 L,403,0,20,14,0,0,0,0,0,Principio,97,65,Ninguno
2026-08-01,Yogur natural Hacendado,234,0,20,14,0,0,0,0,0,Principio,97,65,Ninguno
2026-08-01,Huevos L docena,182,0,20,14,0,0,0,0,0,Principio,97,65,Ninguno
2026-08-01,Barra de pan,604,0,20,14,0,0,0,0,0,Principio,97,65,Ninguno
2026-08-01,Pechuga de pollo fileteada 500 g,147,0,20,14,0,0,0,0,0,Principio,97,65,Ninguno
2026-08-01,Horchata Hacendado 1 L,54,0,20,14,0,0,0,0,0,Principio,97,65,Ninguno
2026-08-01,Polos de limón Hacendado 10 ud,42,0,20,14,0,0,0,0,0,Principio,97,65,Ninguno
2026-08-01,Sandía baja en semillas,84,0,20,14,0,0,0,0,0,Principio,97,65,Ninguno
2026-08-01,Conos nata y chocolate Hacendado,62,0,20,14,0,0,0,0,0,Principio,97,65,Ninguno
2026-08-01,Fresas 500 g,33,0,20,14,0,0,0,0,0,Principio,97,65,Ninguno
2026-08-01,Cerveza Steinburg lata,231,0,20,14,0,0,0,0,0,Principio,97,65,Ninguno
2026-08-01,Refresco de cola Hacendado 2 L,145,0,20,14,0,0,0,0,0,Principio,97,65,Ninguno
2026-08-01,Hamburguesa de vacuno,89,0,20,14,0,0,0,0,0,Principio,97,65,Ninguno
2026-08-01,Patatas fritas lisas Hacendado,117,0,20,14,0,0,0,0,0,Principio,97,65,Ninguno
2026-08-01,Hummus clásico Hacendado,73,0,20,14,0,0,0,0,0,Principio,97,65,Ninguno
2026-08-01,Salmón fresco en lomos 250 g,57,0,20,14,0,0,0,0,0,Principio,97,65,Ninguno
2026-08-01,Aguacate malla 4 ud,40,0,20,14,0,0,0,0,0,Principio,97,65,Ninguno
2026-08-01,Crema de pistacho Hacendado 200 g,28,0,20,14,0,0,0,0,0,Principio,97,65,Ninguno
2026-08-01,Zumo de naranja exprimido 1 L,62,0,20,14,0,0,0,0,0,Principio,97,65,Ninguno
2026-08-01,Kéfir natural Hacendado,30,0,20,14,0,0,0,0,0,Principio,97,65,Ninguno
2026-08-01,Queso fresco batido 0 % Hacendado,39,0,20,14,0,0,0,0,0,Principio,97,65,Ninguno
2026-08-01,Yogur griego Hacendado,57,0,20,14,0,0,0,0,0,Principio,97,65,Ninguno
2026-08-01,Plátano de Canarias 1 kg,100,0,20,14,0,0,0,0,0,Principio,97,65,Ninguno
2026-08-01,Naranja de mesa 2 kg,48,0,20,14,0,0,0,0,0,Principio,97,65,Ninguno
2026-08-01,Lechuga iceberg,83,0,20,14,0,0,0,0,0,Principio,97,65,Ninguno
"2026-08-02,""Agua mineral Bronchales 1,5 L"",493,0,29,21,0,0,0,0,0,Principio,0,74,Ninguno"
2026-08-02,Leche entera Hacendado 1 L,440,0,29,21,0,0,0,0,0,Principio,0,74,Ninguno
2026-08-02,Leche semidesnatada Hacendado 1 L,435,0,29,21,0,0,0,0,0,Principio,0,74,Ninguno
2026-08-02,Yogur natural Hacendado,249,0,29,21,0,0,0,0,0,Principio,0,74,Ninguno
2026-08-02,Huevos L docena,178,0,29,21,0,0,0,0,0,Principio,0,74,Ninguno
2026-08-02,Barra de pan,597,0,29,21,0,0,0,0,0,Principio,0,74,Ninguno
2026-08-02,Pechuga de pollo fileteada 500 g,149,0,29,21,0,0,0,0,0,Principio,0,74,Ninguno
2026-08-02,Horchata Hacendado 1 L,55,0,29,21,0,0,0,0,0,Principio,0,74,Ninguno
2026-08-02,Polos de limón Hacendado 10 ud,45,0,29,21,0,0,0,0,0,Principio,0,74,Ninguno
2026-08-02,Sandía baja en semillas,93,0,29,21,0,0,0,0,0,Principio,0,74,Ninguno
2026-08-02,Conos nata y chocolate Hacendado,70,0,29,21,0,0,0,0,0,Principio,0,74,Ninguno
2026-08-02,Fresas 500 g,35,0,29,21,0,0,0,0,0,Principio,0,74,Ninguno
2026-08-02,Cerveza Steinburg lata,144,0,29,21,0,0,0,0,0,Principio,0,74,Ninguno
2026-08-02,Refresco de cola Hacendado 2 L,101,0,29,21,0,0,0,0,0,Principio,0,74,Ninguno
2026-08-02,Hamburguesa de vacuno,60,0,29,21,0,0,0,0,0,Principio,0,74,Ninguno
2026-08-02,Patatas fritas lisas Hacendado,78,0,29,21,0,0,0,0,0,Principio,0,74,Ninguno
2026-08-02,Hummus clásico Hacendado,50,0,29,21,0,0,0,0,0,Principio,0,74,Ninguno
2026-08-02,Salmón fresco en lomos 250 g,55,0,29,21,0,0,0,0,0,Principio,0,74,Ninguno
2026-08-02,Aguacate malla 4 ud,44,0,29,21,0,0,0,0,0,Principio,0,74,Ninguno
2026-08-02,Crema de pistacho Hacendado 200 g,29,0,29,21,0,0,0,0,0,Principio,0,74,Ninguno
2026-08-02,Zumo de naranja exprimido 1 L,61,0,29,21,0,0,0,0,0,Principio,0,74,Ninguno
2026-08-02,Kéfir natural Hacendado,29,0,29,21,0,0,0,0,0,Principio,0,74,Ninguno
2026-08-02,Queso fresco batido 0 % Hacendado,41,0,29,21,0,0,0,0,0,Principio,0,74,Ninguno
2026-08-02,Yogur griego Hacendado,57,0,29,21,0,0,0,0,0,Principio,0,74,Ninguno
2026-08-02,Plátano de Canarias 1 kg,103,0,29,21,0,0,0,0,0,Principio,0,74,Ninguno
2026-08-02,Naranja de mesa 2 kg,52,0,29,21,0,0,0,0,0,Principio,0,74,Ninguno
2026-08-02,Lechuga iceberg,79,0,29,21,0,0,0,0,0,Principio,0,74,Ninguno
"2026-08-03,""Agua mineral Bronchales 1,5 L"",463,0,38,20,0,0,83,0,0,Principio,0,89,Ninguno"
2026-08-03,Leche entera Hacendado 1 L,405,0,38,20,0,0,83,0,0,Principio,0,89,Ninguno
2026-08-03,Leche semidesnatada Hacendado 1 L,430,0,38,20,0,0,83,0,0,Principio,0,89,Ninguno
2026-08-03,Yogur natural Hacendado,241,0,38,20,0,0,83,0,0,Principio,0,89,Ninguno
2026-08-03,Huevos L docena,184,0,38,20,0,0,83,0,0,Principio,0,89,Ninguno
2026-08-03,Barra de pan,596,0,38,20,0,0,83,0,0,Principio,0,89,Ninguno
2026-08-03,Pechuga de pollo fileteada 500 g,145,0,38,20,0,0,83,0,0,Principio,0,89,Ninguno
2026-08-03,Horchata Hacendado 1 L,140,0,38,20,0,0,83,0,0,Principio,0,89,Ninguno
2026-08-03,Polos de limón Hacendado 10 ud,119,0,38,20,0,0,83,0,0,Principio,0,89,Ninguno
2026-08-03,Sandía baja en semillas,219,0,38,20,0,0,83,0,0,Principio,0,89,Ninguno
2026-08-03,Conos nata y chocolate Hacendado,170,0,38,20,0,0,83,0,0,Principio,0,89,Ninguno
2026-08-03,Fresas 500 g,87,0,38,20,0,0,83,0,0,Principio,0,89,Ninguno
2026-08-03,Cerveza Steinburg lata,155,0,38,20,0,0,83,0,0,Principio,0,89,Ninguno
2026-08-03,Refresco de cola Hacendado 2 L,97,0,38,20,0,0,83,0,0,Principio,0,89,Ninguno
2026-08-03,Hamburguesa de vacuno,58,0,38,20,0,0,83,0,0,Principio,0,89,Ninguno
2026-08-03,Patatas fritas lisas Hacendado,81,0,38,20,0,0,83,0,0,Principio,0,89,Ninguno
2026-08-03,Hummus clásico Hacendado,50,0,38,20,0,0,83,0,0,Principio,0,89,Ninguno
2026-08-03,Salmón fresco en lomos 250 g,55,0,38,20,0,0,83,0,0,Principio,0,89,Ninguno
2026-08-03,Aguacate malla 4 ud,42,0,38,20,0,0,83,0,0,Principio,0,89,Ninguno
2026-08-03,Crema de pistacho Hacendado 200 g,28,0,38,20,0,0,83,0,0,Principio,0,89,Ninguno
2026-08-03,Zumo de naranja exprimido 1 L,61,0,38,20,0,0,83,0,0,Principio,0,89,Ninguno
2026-08-03,Kéfir natural Hacendado,30,0,38,20,0,0,83,0,0,Principio,0,89,Ninguno
2026-08-03,Queso fresco batido 0 % Hacendado,42,0,38,20,0,0,83,0,0,Principio,0,89,Ninguno
2026-08-03,Yogur griego Hacendado,61,0,38,20,0,0,83,0,0,Principio,0,89,Ninguno
2026-08-03,Plátano de Canarias 1 kg,96,0,38,20,0,0,83,0,0,Principio,0,89,Ninguno
2026-08-03,Naranja de mesa 2 kg,52,0,38,20,0,0,83,0,0,Principio,0,89,Ninguno
2026-08-03,Lechuga iceberg,82,0,38,20,0,0,83,0,0,Principio,0,89,Ninguno
"2026-08-04,""Agua mineral Bronchales 1,5 L"",503,0,30,13,0,0,0,0,0,Principio,0,76,Ninguno"
2026-08-04,Leche entera Hacendado 1 L,431,0,30,13,0,0,0,0,0,Principio,0,76,Ninguno
2026-08-04,Leche semidesnatada Hacendado 1 L,420,0,30,13,0,0,0,0,0,Principio,0,76,Ninguno
2026-08-04,Yogur natural Hacendado,231,0,30,13,0,0,0,0,0,Principio,0,76,Ninguno
2026-08-04,Huevos L docena,182,0,30,13,0,0,0,0,0,Principio,0,76,Ninguno
2026-08-04,Barra de pan,621,0,30,13,0,0,0,0,0,Principio,0,76,Ninguno
2026-08-04,Pechuga de pollo fileteada 500 g,144,0,30,13,0,0,0,0,0,Principio,0,76,Ninguno
2026-08-04,Horchata Hacendado 1 L,56,0,30,13,0,0,0,0,0,Principio,0,76,Ninguno
2026-08-04,Polos de limón Hacendado 10 ud,46,0,30,13,0,0,0,0,0,Principio,0,76,Ninguno
2026-08-04,Sandía baja en semillas,90,0,30,13,0,0,0,0,0,Principio,0,76,Ninguno
2026-08-04,Conos nata y chocolate Hacendado,73,0,30,13,0,0,0,0,0,Principio,0,76,Ninguno
2026-08-04,Fresas 500 g,36,0,30,13,0,0,0,0,0,Principio,0,76,Ninguno
2026-08-04,Cerveza Steinburg lata,156,0,30,13,0,0,0,0,0,Principio,0,76,Ninguno
2026-08-04,Refresco de cola Hacendado 2 L,101,0,30,13,0,0,0,0,0,Principio,0,76,Ninguno
2026-08-04,Hamburguesa de vacuno,60,0,30,13,0,0,0,0,0,Principio,0,76,Ninguno
2026-08-04,Patatas fritas lisas Hacendado,77,0,30,13,0,0,0,0,0,Principio,0,76,Ninguno
2026-08-04,Hummus clásico Hacendado,49,0,30,13,0,0,0,0,0,Principio,0,76,Ninguno
2026-08-04,Salmón fresco en lomos 250 g,59,0,30,13,0,0,0,0,0,Principio,0,76,Ninguno
2026-08-04,Aguacate malla 4 ud,43,0,30,13,0,0,0,0,0,Principio,0,76,Ninguno
2026-08-04,Crema de pistacho Hacendado 200 g,27,0,30,13,0,0,0,0,0,Principio,0,76,Ninguno
2026-08-04,Zumo de naranja exprimido 1 L,61,0,30,13,0,0,0,0,0,Principio,0,76,Ninguno
2026-08-04,Kéfir natural Hacendado,30,0,30,13,0,0,0,0,0,Principio,0,76,Ninguno
2026-08-04,Queso fresco batido 0 % Hacendado,38,0,30,13,0,0,0,0,0,Principio,0,76,Ninguno
2026-08-04,Yogur griego Hacendado,61,0,30,13,0,0,0,0,0,Principio,0,76,Ninguno
2026-08-04,Plátano de Canarias 1 kg,103,0,30,13,0,0,0,0,0,Principio,0,76,Ninguno
2026-08-04,Naranja de mesa 2 kg,52,0,30,13,0,0,0,0,0,Principio,0,76,Ninguno
2026-08-04,Lechuga iceberg,80,0,30,13,0,0,0,0,0,Principio,0,76,Ninguno
"2026-08-05,""Agua mineral Bronchales 1,5 L"",501,0,35,15,0,0,0,0,0,Principio,0,73,Queso fresco batido 0 % Hacendado"
2026-08-05,Leche entera Hacendado 1 L,431,0,35,15,0,0,0,0,0,Principio,0,73,Queso fresco batido 0 % Hacendado
2026-08-05,Leche semidesnatada Hacendado 1 L,428,0,35,15,0,0,0,0,0,Principio,0,73,Queso fresco batido 0 % Hacendado
2026-08-05,Yogur natural Hacendado,245,0,35,15,0,0,0,0,0,Principio,0,73,Queso fresco batido 0 % Hacendado
2026-08-05,Huevos L docena,178,0,35,15,0,0,0,0,0,Principio,0,73,Queso fresco batido 0 % Hacendado
2026-08-05,Barra de pan,610,0,35,15,0,0,0,0,0,Principio,0,73,Queso fresco batido 0 % Hacendado
2026-08-05,Pechuga de pollo fileteada 500 g,142,0,35,15,0,0,0,0,0,Principio,0,73,Queso fresco batido 0 % Hacendado
2026-08-05,Horchata Hacendado 1 L,103,0,35,15,0,0,0,0,0,Principio,0,73,Queso fresco batido 0 % Hacendado
2026-08-05,Polos de limón Hacendado 10 ud,79,0,35,15,0,0,0,0,0,Principio,0,73,Queso fresco batido 0 % Hacendado
2026-08-05,Sandía baja en semillas,154,0,35,15,0,0,0,0,0,Principio,0,73,Queso fresco batido 0 % Hacendado
2026-08-05,Conos nata y chocolate Hacendado,113,0,35,15,0,0,0,0,0,Principio,0,73,Queso fresco batido 0 % Hacendado
2026-08-05,Fresas 500 g,56,0,35,15,0,0,0,0,0,Principio,0,73,Queso fresco batido 0 % Hacendado
2026-08-05,Cerveza Steinburg lata,151,0,35,15,0,0,0,0,0,Principio,0,73,Queso fresco batido 0 % Hacendado
2026-08-05,Refresco de cola Hacendado 2 L,101,0,35,15,0,0,0,0,0,Principio,0,73,Queso fresco batido 0 % Hacendado
2026-08-05,Hamburguesa de vacuno,57,0,35,15,0,0,0,0,0,Principio,0,73,Queso fresco batido 0 % Hacendado
2026-08-05,Patatas fritas lisas Hacendado,82,0,35,15,0,0,0,0,0,Principio,0,73,Queso fresco batido 0 % Hacendado
2026-08-05,Hummus clásico Hacendado,48,0,35,15,0,0,0,0,0,Principio,0,73,Queso fresco batido 0 % Hacendado
2026-08-05,Salmón fresco en lomos 250 g,54,0,35,15,0,0,0,0,0,Principio,0,73,Queso fresco batido 0 % Hacendado
2026-08-05,Aguacate malla 4 ud,40,0,35,15,0,0,0,0,0,Principio,0,73,Queso fresco batido 0 % Hacendado
2026-08-05,Crema de pistacho Hacendado 200 g,28,0,35,15,0,0,0,0,0,Principio,0,73,Queso fresco batido 0 % Hacendado
2026-08-05,Zumo de naranja exprimido 1 L,63,0,35,15,0,0,0,0,0,Principio,0,73,Queso fresco batido 0 % Hacendado
2026-08-05,Kéfir natural Hacendado,29,0,35,15,0,0,0,0,0,Principio,0,73,Queso fresco batido 0 % Hacendado
2026-08-05,Queso fresco batido 0 % Hacendado,240,0,35,15,0,0,0,0,0,Principio,0,73,Queso fresco batido 0 % Hacendado
2026-08-05,Yogur griego Hacendado,60,0,35,15,0,0,0,0,0,Principio,0,73,Queso fresco batido 0 % Hacendado
2026-08-05,Plátano de Canarias 1 kg,102,0,35,15,0,0,0,0,0,Principio,0,73,Queso fresco batido 0 % Hacendado
2026-08-05,Naranja de mesa 2 kg,52,0,35,15,0,0,0,0,0,Principio,0,73,Queso fresco batido 0 % Hacendado
2026-08-05,Lechuga iceberg,81,0,35,15,0,0,0,0,0,Principio,0,73,Queso fresco batido 0 % Hacendado
"2026-08-06,""Agua mineral Bronchales 1,5 L"",476,0,35,23,0,0,0,0,0,Principio,0,87,Queso fresco batido 0 % Hacendado"
2026-08-06,Leche entera Hacendado 1 L,435,0,35,23,0,0,0,0,0,Principio,0,87,Queso fresco batido 0 % Hacendado
2026-08-06,Leche semidesnatada Hacendado 1 L,401,0,35,23,0,0,0,0,0,Principio,0,87,Queso fresco batido 0 % Hacendado
2026-08-06,Yogur natural Hacendado,244,0,35,23,0,0,0,0,0,Principio,0,87,Queso fresco batido 0 % Hacendado
2026-08-06,Huevos L docena,183,0,35,23,0,0,0,0,0,Principio,0,87,Queso fresco batido 0 % Hacendado
2026-08-06,Barra de pan,574,0,35,23,0,0,0,0,0,Principio,0,87,Queso fresco batido 0 % Hacendado
2026-08-06,Pechuga de pollo fileteada 500 g,147,0,35,23,0,0,0,0,0,Principio,0,87,Queso fresco batido 0 % Hacendado
2026-08-06,Horchata Hacendado 1 L,114,0,35,23,0,0,0,0,0,Principio,0,87,Queso fresco batido 0 % Hacendado
2026-08-06,Polos de limón Hacendado 10 ud,85,0,35,23,0,0,0,0,0,Principio,0,87,Queso fresco batido 0 % Hacendado
2026-08-06,Sandía baja en semillas,172,0,35,23,0,0,0,0,0,Principio,0,87,Queso fresco batido 0 % Hacendado
2026-08-06,Conos nata y chocolate Hacendado,134,0,35,23,0,0,0,0,0,Principio,0,87,Queso fresco batido 0 % Hacendado
2026-08-06,Fresas 500 g,64,0,35,23,0,0,0,0,0,Principio,0,87,Queso fresco batido 0 % Hacendado
2026-08-06,Cerveza Steinburg lata,145,0,35,23,0,0,0,0,0,Principio,0,87,Queso fresco batido 0 % Hacendado
2026-08-06,Refresco de cola Hacendado 2 L,100,0,35,23,0,0,0,0,0,Principio,0,87,Queso fresco batido 0 % Hacendado
2026-08-06,Hamburguesa de vacuno,62,0,35,23,0,0,0,0,0,Principio,0,87,Queso fresco batido 0 % Hacendado
2026-08-06,Patatas fritas lisas Hacendado,77,0,35,23,0,0,0,0,0,Principio,0,87,Queso fresco batido 0 % Hacendado
2026-08-06,Hummus clásico Hacendado,52,0,35,23,0,0,0,0,0,Principio,0,87,Queso fresco batido 0 % Hacendado
2026-08-06,Salmón fresco en lomos 250 g,58,0,35,23,0,0,0,0,0,Principio,0,87,Queso fresco batido 0 % Hacendado
2026-08-06,Aguacate malla 4 ud,40,0,35,23,0,0,0,0,0,Principio,0,87,Queso fresco batido 0 % Hacendado
2026-08-06,Crema de pistacho Hacendado 200 g,28,0,35,23,0,0,0,0,0,Principio,0,87,Queso fresco batido 0 % Hacendado
2026-08-06,Zumo de naranja exprimido 1 L,63,0,35,23,0,0,0,0,0,Principio,0,87,Queso fresco batido 0 % Hacendado
2026-08-06,Kéfir natural Hacendado,29,0,35,23,0,0,0,0,0,Principio,0,87,Queso fresco batido 0 % Hacendado
2026-08-06,Queso fresco batido 0 % Hacendado,230,0,35,23,0,0,0,0,0,Principio,0,87,Queso fresco batido 0 % Hacendado
2026-08-06,Yogur griego Hacendado,62,0,35,23,0,0,0,0,0,Principio,0,87,Queso fresco batido 0 % Hacendado
2026-08-06,Plátano de Canarias 1 kg,97,0,35,23,0,0,0,0,0,Principio,0,87,Queso fresco batido 0 % Hacendado
2026-08-06,Naranja de mesa 2 kg,50,0,35,23,0,0,0,0,0,Principio,0,87,Queso fresco batido 0 % Hacendado
2026-08-06,Lechuga iceberg,80,0,35,23,0,0,0,0,0,Principio,0,87,Queso fresco batido 0 % Hacendado
"2026-08-07,""Agua mineral Bronchales 1,5 L"",476,8,25,16,0,0,59,0,0,Principio,0,78,Queso fresco batido 0 % Hacendado"
2026-08-07,Leche entera Hacendado 1 L,439,8,25,16,0,0,59,0,0,Principio,0,78,Queso fresco batido 0 % Hacendado
2026-08-07,Leche semidesnatada Hacendado 1 L,441,8,25,16,0,0,59,0,0,Principio,0,78,Queso fresco batido 0 % Hacendado
2026-08-07,Yogur natural Hacendado,241,8,25,16,0,0,59,0,0,Principio,0,78,Queso fresco batido 0 % Hacendado
2026-08-07,Huevos L docena,184,8,25,16,0,0,59,0,0,Principio,0,78,Queso fresco batido 0 % Hacendado
2026-08-07,Barra de pan,579,8,25,16,0,0,59,0,0,Principio,0,78,Queso fresco batido 0 % Hacendado
2026-08-07,Pechuga de pollo fileteada 500 g,141,8,25,16,0,0,59,0,0,Principio,0,78,Queso fresco batido 0 % Hacendado
2026-08-07,Horchata Hacendado 1 L,62,8,25,16,0,0,59,0,0,Principio,0,78,Queso fresco batido 0 % Hacendado
2026-08-07,Polos de limón Hacendado 10 ud,48,8,25,16,0,0,59,0,0,Principio,0,78,Queso fresco batido 0 % Hacendado
2026-08-07,Sandía baja en semillas,95,8,25,16,0,0,59,0,0,Principio,0,78,Queso fresco batido 0 % Hacendado
2026-08-07,Conos nata y chocolate Hacendado,73,8,25,16,0,0,59,0,0,Principio,0,78,Queso fresco batido 0 % Hacendado
2026-08-07,Fresas 500 g,34,8,25,16,0,0,59,0,0,Principio,0,78,Queso fresco batido 0 % Hacendado
2026-08-07,Cerveza Steinburg lata,151,8,25,16,0,0,59,0,0,Principio,0,78,Queso fresco batido 0 % Hacendado
2026-08-07,Refresco de cola Hacendado 2 L,100,8,25,16,0,0,59,0,0,Principio,0,78,Queso fresco batido 0 % Hacendado
2026-08-07,Hamburguesa de vacuno,62,8,25,16,0,0,59,0,0,Principio,0,78,Queso fresco batido 0 % Hacendado
2026-08-07,Patatas fritas lisas Hacendado,77,8,25,16,0,0,59,0,0,Principio,0,78,Queso fresco batido 0 % Hacendado
2026-08-07,Hummus clásico Hacendado,52,8,25,16,0,0,59,0,0,Principio,0,78,Queso fresco batido 0 % Hacendado
2026-08-07,Salmón fresco en lomos 250 g,54,8,25,16,0,0,59,0,0,Principio,0,78,Queso fresco batido 0 % Hacendado
2026-08-07,Aguacate malla 4 ud,41,8,25,16,0,0,59,0,0,Principio,0,78,Queso fresco batido 0 % Hacendado
2026-08-07,Crema de pistacho Hacendado 200 g,28,8,25,16,0,0,59,0,0,Principio,0,78,Queso fresco batido 0 % Hacendado
2026-08-07,Zumo de naranja exprimido 1 L,64,8,25,16,0,0,59,0,0,Principio,0,78,Queso fresco batido 0 % Hacendado
2026-08-07,Kéfir natural Hacendado,29,8,25,16,0,0,59,0,0,Principio,0,78,Queso fresco batido 0 % Hacendado
2026-08-07,Queso fresco batido 0 % Hacendado,231,8,25,16,0,0,59,0,0,Principio,0,78,Queso fresco batido 0 % Hacendado
2026-08-07,Yogur griego Hacendado,62,8,25,16,0,0,59,0,0,Principio,0,78,Queso fresco batido 0 % Hacendado
2026-08-07,Plátano de Canarias 1 kg,97,8,25,16,0,0,59,0,0,Principio,0,78,Queso fresco batido 0 % Hacendado
2026-08-07,Naranja de mesa 2 kg,50,8,25,16,0,0,59,0,0,Principio,0,78,Queso fresco batido 0 % Hacendado
2026-08-07,Lechuga iceberg,81,8,25,16,0,0,59,0,0,Principio,0,78,Queso fresco batido 0 % Hacendado
"2026-08-08,""Agua mineral Bronchales 1,5 L"",475,0,38,20,27,0,0,0,0,Principio,0,76,Ninguno"
2026-08-08,Leche entera Hacendado 1 L,427,0,38,20,27,0,0,0,0,Principio,0,76,Ninguno
2026-08-08,Leche semidesnatada Hacendado 1 L,412,0,38,20,27,0,0,0,0,Principio,0,76,Ninguno
2026-08-08,Yogur natural Hacendado,236,0,38,20,27,0,0,0,0,Principio,0,76,Ninguno
2026-08-08,Huevos L docena,185,0,38,20,27,0,0,0,0,Principio,0,76,Ninguno
2026-08-08,Barra de pan,574,0,38,20,27,0,0,0,0,Principio,0,76,Ninguno
2026-08-08,Pechuga de pollo fileteada 500 g,143,0,38,20,27,0,0,0,0,Principio,0,76,Ninguno
2026-08-08,Horchata Hacendado 1 L,134,0,38,20,27,0,0,0,0,Principio,0,76,Ninguno
2026-08-08,Polos de limón Hacendado 10 ud,107,0,38,20,27,0,0,0,0,Principio,0,76,Ninguno
2026-08-08,Sandía baja en semillas,195,0,38,20,27,0,0,0,0,Principio,0,76,Ninguno
2026-08-08,Conos nata y chocolate Hacendado,149,0,38,20,27,0,0,0,0,Principio,0,76,Ninguno
2026-08-08,Fresas 500 g,75,0,38,20,27,0,0,0,0,Principio,0,76,Ninguno
2026-08-08,Cerveza Steinburg lata,156,0,38,20,27,0,0,0,0,Principio,0,76,Ninguno
2026-08-08,Refresco de cola Hacendado 2 L,104,0,38,20,27,0,0,0,0,Principio,0,76,Ninguno
2026-08-08,Hamburguesa de vacuno,62,0,38,20,27,0,0,0,0,Principio,0,76,Ninguno
2026-08-08,Patatas fritas lisas Hacendado,79,0,38,20,27,0,0,0,0,Principio,0,76,Ninguno
2026-08-08,Hummus clásico Hacendado,48,0,38,20,27,0,0,0,0,Principio,0,76,Ninguno
2026-08-08,Salmón fresco en lomos 250 g,58,0,38,20,27,0,0,0,0,Principio,0,76,Ninguno
2026-08-08,Aguacate malla 4 ud,43,0,38,20,27,0,0,0,0,Principio,0,76,Ninguno
2026-08-08,Crema de pistacho Hacendado 200 g,28,0,38,20,27,0,0,0,0,Principio,0,76,Ninguno
2026-08-08,Zumo de naranja exprimido 1 L,66,0,38,20,27,0,0,0,0,Principio,0,76,Ninguno
2026-08-08,Kéfir natural Hacendado,30,0,38,20,27,0,0,0,0,Principio,0,76,Ninguno
2026-08-08,Queso fresco batido 0 % Hacendado,38,0,38,20,27,0,0,0,0,Principio,0,76,Ninguno
2026-08-08,Yogur griego Hacendado,62,0,38,20,27,0,0,0,0,Principio,0,76,Ninguno
2026-08-08,Plátano de Canarias 1 kg,98,0,38,20,27,0,0,0,0,Principio,0,76,Ninguno
2026-08-08,Naranja de mesa 2 kg,51,0,38,20,27,0,0,0,0,Principio,0,76,Ninguno
2026-08-08,Lechuga iceberg,84,0,38,20,27,0,0,0,0,Principio,0,76,Ninguno
"2026-08-09,""Agua mineral Bronchales 1,5 L"",490,0,23,11,0,0,0,0,0,Principio,0,73,Ninguno"
2026-08-09,Leche entera Hacendado 1 L,408,0,23,11,0,0,0,0,0,Principio,0,73,Ninguno
2026-08-09,Leche semidesnatada Hacendado 1 L,426,0,23,11,0,0,0,0,0,Principio,0,73,Ninguno
2026-08-09,Yogur natural Hacendado,234,0,23,11,0,0,0,0,0,Principio,0,73,Ninguno
2026-08-09,Huevos L docena,180,0,23,11,0,0,0,0,0,Principio,0,73,Ninguno
2026-08-09,Barra de pan,624,0,23,11,0,0,0,0,0,Principio,0,73,Ninguno
2026-08-09,Pechuga de pollo fileteada 500 g,149,0,23,11,0,0,0,0,0,Principio,0,73,Ninguno
2026-08-09,Horchata Hacendado 1 L,54,0,23,11,0,0,0,0,0,Principio,0,73,Ninguno
2026-08-09,Polos de limón Hacendado 10 ud,45,0,23,11,0,0,0,0,0,Principio,0,73,Ninguno
2026-08-09,Sandía baja en semillas,88,0,23,11,0,0,0,0,0,Principio,0,73,Ninguno
2026-08-09,Conos nata y chocolate Hacendado,64,0,23,11,0,0,0,0,0,Principio,0,73,Ninguno
2026-08-09,Fresas 500 g,35,0,23,11,0,0,0,0,0,Principio,0,73,Ninguno
2026-08-09,Cerveza Steinburg lata,152,0,23,11,0,0,0,0,0,Principio,0,73,Ninguno
2026-08-09,Refresco de cola Hacendado 2 L,98,0,23,11,0,0,0,0,0,Principio,0,73,Ninguno
2026-08-09,Hamburguesa de vacuno,61,0,23,11,0,0,0,0,0,Principio,0,73,Ninguno
2026-08-09,Patatas fritas lisas Hacendado,80,0,23,11,0,0,0,0,0,Principio,0,73,Ninguno
2026-08-09,Hummus clásico Hacendado,50,0,23,11,0,0,0,0,0,Principio,0,73,Ninguno
2026-08-09,Salmón fresco en lomos 250 g,53,0,23,11,0,0,0,0,0,Principio,0,73,Ninguno
2026-08-09,Aguacate malla 4 ud,40,0,23,11,0,0,0,0,0,Principio,0,73,Ninguno
2026-08-09,Crema de pistacho Hacendado 200 g,29,0,23,11,0,0,0,0,0,Principio,0,73,Ninguno
2026-08-09,Zumo de naranja exprimido 1 L,66,0,23,11,0,0,0,0,0,Principio,0,73,Ninguno
2026-08-09,Kéfir natural Hacendado,30,0,23,11,0,0,0,0,0,Principio,0,73,Ninguno
2026-08-09,Queso fresco batido 0 % Hacendado,41,0,23,11,0,0,0,0,0,Principio,0,73,Ninguno
2026-08-09,Yogur griego Hacendado,60,0,23,11,0,0,0,0,0,Principio,0,73,Ninguno
2026-08-09,Plátano de Canarias 1 kg,96,0,23,11,0,0,0,0,0,Principio,0,73,Ninguno
2026-08-09,Naranja de mesa 2 kg,48,0,23,11,0,0,0,0,0,Principio,0,73,Ninguno
2026-08-09,Lechuga iceberg,78,0,23,11,0,0,0,0,0,Principio,0,73,Ninguno
"2026-08-10,""Agua mineral Bronchales 1,5 L"",498,6,31,16,0,0,0,0,0,Principio,0,95,Ninguno"
2026-08-10,Leche entera Hacendado 1 L,416,6,31,16,0,0,0,0,0,Principio,0,95,Ninguno
2026-08-10,Leche semidesnatada Hacendado 1 L,425,6,31,16,0,0,0,0,0,Principio,0,95,Ninguno
2026-08-10,Yogur natural Hacendado,232,6,31,16,0,0,0,0,0,Principio,0,95,Ninguno
2026-08-10,Huevos L docena,188,6,31,16,0,0,0,0,0,Principio,0,95,Ninguno
2026-08-10,Barra de pan,622,6,31,16,0,0,0,0,0,Principio,0,95,Ninguno
2026-08-10,Pechuga de pollo fileteada 500 g,151,6,31,16,0,0,0,0,0,Principio,0,95,Ninguno
2026-08-10,Horchata Hacendado 1 L,80,6,31,16,0,0,0,0,0,Principio,0,95,Ninguno
2026-08-10,Polos de limón Hacendado 10 ud,64,6,31,16,0,0,0,0,0,Principio,0,95,Ninguno
2026-08-10,Sandía baja en semillas,118,6,31,16,0,0,0,0,0,Principio,0,95,Ninguno
2026-08-10,Conos nata y chocolate Hacendado,95,6,31,16,0,0,0,0,0,Principio,0,95,Ninguno
2026-08-10,Fresas 500 g,46,6,31,16,0,0,0,0,0,Principio,0,95,Ninguno
2026-08-10,Cerveza Steinburg lata,156,6,31,16,0,0,0,0,0,Principio,0,95,Ninguno
2026-08-10,Refresco de cola Hacendado 2 L,103,6,31,16,0,0,0,0,0,Principio,0,95,Ninguno
2026-08-10,Hamburguesa de vacuno,62,6,31,16,0,0,0,0,0,Principio,0,95,Ninguno
2026-08-10,Patatas fritas lisas Hacendado,82,6,31,16,0,0,0,0,0,Principio,0,95,Ninguno
2026-08-10,Hummus clásico Hacendado,49,6,31,16,0,0,0,0,0,Principio,0,95,Ninguno
2026-08-10,Salmón fresco en lomos 250 g,58,6,31,16,0,0,0,0,0,Principio,0,95,Ninguno
2026-08-10,Aguacate malla 4 ud,40,6,31,16,0,0,0,0,0,Principio,0,95,Ninguno
2026-08-10,Crema de pistacho Hacendado 200 g,29,6,31,16,0,0,0,0,0,Principio,0,95,Ninguno
2026-08-10,Zumo de naranja exprimido 1 L,65,6,31,16,0,0,0,0,0,Principio,0,95,Ninguno
2026-08-10,Kéfir natural Hacendado,29,6,31,16,0,0,0,0,0,Principio,0,95,Ninguno
2026-08-10,Queso fresco batido 0 % Hacendado,41,6,31,16,0,0,0,0,0,Principio,0,95,Ninguno
2026-08-10,Yogur griego Hacendado,60,6,31,16,0,0,0,0,0,Principio,0,95,Ninguno
2026-08-10,Plátano de Canarias 1 kg,98,6,31,16,0,0,0,0,0,Principio,0,95,Ninguno
2026-08-10,Naranja de mesa 2 kg,51,6,31,16,0,0,0,0,0,Principio,0,95,Ninguno
2026-08-10,Lechuga iceberg,78,6,31,16,0,0,0,0,0,Principio,0,95,Ninguno
"2026-08-11,""Agua mineral Bronchales 1,5 L"",406,0,26,22,0,0,36,0,0,Mediados,0,82,Ninguno"
2026-08-11,Leche entera Hacendado 1 L,346,0,26,22,0,0,36,0,0,Mediados,0,82,Ninguno
2026-08-11,Leche semidesnatada Hacendado 1 L,367,0,26,22,0,0,36,0,0,Mediados,0,82,Ninguno
2026-08-11,Yogur natural Hacendado,201,0,26,22,0,0,36,0,0,Mediados,0,82,Ninguno
2026-08-11,Huevos L docena,157,0,26,22,0,0,36,0,0,Mediados,0,82,Ninguno
2026-08-11,Barra de pan,481,0,26,22,0,0,36,0,0,Mediados,0,82,Ninguno
2026-08-11,Pechuga de pollo fileteada 500 g,126,0,26,22,0,0,36,0,0,Mediados,0,82,Ninguno
2026-08-11,Horchata Hacendado 1 L,59,0,26,22,0,0,36,0,0,Mediados,0,82,Ninguno
2026-08-11,Polos de limón Hacendado 10 ud,51,0,26,22,0,0,36,0,0,Mediados,0,82,Ninguno
2026-08-11,Sandía baja en semillas,95,0,26,22,0,0,36,0,0,Mediados,0,82,Ninguno
2026-08-11,Conos nata y chocolate Hacendado,70,0,26,22,0,0,36,0,0,Mediados,0,82,Ninguno
2026-08-11,Fresas 500 g,36,0,26,22,0,0,36,0,0,Mediados,0,82,Ninguno
2026-08-11,Cerveza Steinburg lata,153,0,26,22,0,0,36,0,0,Mediados,0,82,Ninguno
2026-08-11,Refresco de cola Hacendado 2 L,98,0,26,22,0,0,36,0,0,Mediados,0,82,Ninguno
2026-08-11,Hamburguesa de vacuno,61,0,26,22,0,0,36,0,0,Mediados,0,82,Ninguno
2026-08-11,Patatas fritas lisas Hacendado,80,0,26,22,0,0,36,0,0,Mediados,0,82,Ninguno
2026-08-11,Hummus clásico Hacendado,49,0,26,22,0,0,36,0,0,Mediados,0,82,Ninguno
2026-08-11,Salmón fresco en lomos 250 g,40,0,26,22,0,0,36,0,0,Mediados,0,82,Ninguno
2026-08-11,Aguacate malla 4 ud,29,0,26,22,0,0,36,0,0,Mediados,0,82,Ninguno
2026-08-11,Crema de pistacho Hacendado 200 g,20,0,26,22,0,0,36,0,0,Mediados,0,82,Ninguno
2026-08-11,Zumo de naranja exprimido 1 L,43,0,26,22,0,0,36,0,0,Mediados,0,82,Ninguno
2026-08-11,Kéfir natural Hacendado,31,0,26,22,0,0,36,0,0,Mediados,0,82,Ninguno
2026-08-11,Queso fresco batido 0 % Hacendado,40,0,26,22,0,0,36,0,0,Mediados,0,82,Ninguno
2026-08-11,Yogur griego Hacendado,61,0,26,22,0,0,36,0,0,Mediados,0,82,Ninguno
2026-08-11,Plátano de Canarias 1 kg,102,0,26,22,0,0,36,0,0,Mediados,0,82,Ninguno
2026-08-11,Naranja de mesa 2 kg,51,0,26,22,0,0,36,0,0,Mediados,0,82,Ninguno
2026-08-11,Lechuga iceberg,79,0,26,22,0,0,36,0,0,Mediados,0,82,Ninguno
"2026-08-12,""Agua mineral Bronchales 1,5 L"",407,0,30,20,0,0,65,0,0,Mediados,0,79,Ninguno"
2026-08-12,Leche entera Hacendado 1 L,344,0,30,20,0,0,65,0,0,Mediados,0,79,Ninguno
2026-08-12,Leche semidesnatada Hacendado 1 L,357,0,30,20,0,0,65,0,0,Mediados,0,79,Ninguno
2026-08-12,Yogur natural Hacendado,201,0,30,20,0,0,65,0,0,Mediados,0,79,Ninguno
2026-08-12,Huevos L docena,145,0,30,20,0,0,65,0,0,Mediados,0,79,Ninguno
2026-08-12,Barra de pan,508,0,30,20,0,0,65,0,0,Mediados,0,79,Ninguno
2026-08-12,Pechuga de pollo fileteada 500 g,119,0,30,20,0,0,65,0,0,Mediados,0,79,Ninguno
2026-08-12,Horchata Hacendado 1 L,61,0,30,20,0,0,65,0,0,Mediados,0,79,Ninguno
2026-08-12,Polos de limón Hacendado 10 ud,46,0,30,20,0,0,65,0,0,Mediados,0,79,Ninguno
2026-08-12,Sandía baja en semillas,96,0,30,20,0,0,65,0,0,Mediados,0,79,Ninguno
2026-08-12,Conos nata y chocolate Hacendado,71,0,30,20,0,0,65,0,0,Mediados,0,79,Ninguno
2026-08-12,Fresas 500 g,37,0,30,20,0,0,65,0,0,Mediados,0,79,Ninguno
2026-08-12,Cerveza Steinburg lata,147,0,30,20,0,0,65,0,0,Mediados,0,79,Ninguno
2026-08-12,Refresco de cola Hacendado 2 L,97,0,30,20,0,0,65,0,0,Mediados,0,79,Ninguno
2026-08-12,Hamburguesa de vacuno,62,0,30,20,0,0,65,0,0,Mediados,0,79,Ninguno
2026-08-12,Patatas fritas lisas Hacendado,81,0,30,20,0,0,65,0,0,Mediados,0,79,Ninguno
2026-08-12,Hummus clásico Hacendado,49,0,30,20,0,0,65,0,0,Mediados,0,79,Ninguno
2026-08-12,Salmón fresco en lomos 250 g,40,0,30,20,0,0,65,0,0,Mediados,0,79,Ninguno
2026-08-12,Aguacate malla 4 ud,31,0,30,20,0,0,65,0,0,Mediados,0,79,Ninguno
2026-08-12,Crema de pistacho Hacendado 200 g,20,0,30,20,0,0,65,0,0,Mediados,0,79,Ninguno
2026-08-12,Zumo de naranja exprimido 1 L,46,0,30,20,0,0,65,0,0,Mediados,0,79,Ninguno
2026-08-12,Kéfir natural Hacendado,31,0,30,20,0,0,65,0,0,Mediados,0,79,Ninguno
2026-08-12,Queso fresco batido 0 % Hacendado,41,0,30,20,0,0,65,0,0,Mediados,0,79,Ninguno
2026-08-12,Yogur griego Hacendado,61,0,30,20,0,0,65,0,0,Mediados,0,79,Ninguno
2026-08-12,Plátano de Canarias 1 kg,98,0,30,20,0,0,65,0,0,Mediados,0,79,Ninguno
2026-08-12,Naranja de mesa 2 kg,51,0,30,20,0,0,65,0,0,Mediados,0,79,Ninguno
2026-08-12,Lechuga iceberg,81,0,30,20,0,0,65,0,0,Mediados,0,79,Ninguno
"2026-08-13,""Agua mineral Bronchales 1,5 L"",419,0,27,19,0,0,0,0,0,Mediados,0,75,Ninguno"
2026-08-13,Leche entera Hacendado 1 L,354,0,27,19,0,0,0,0,0,Mediados,0,75,Ninguno
2026-08-13,Leche semidesnatada Hacendado 1 L,359,0,27,19,0,0,0,0,0,Mediados,0,75,Ninguno
2026-08-13,Yogur natural Hacendado,199,0,27,19,0,0,0,0,0,Mediados,0,75,Ninguno
2026-08-13,Huevos L docena,156,0,27,19,0,0,0,0,0,Mediados,0,75,Ninguno
2026-08-13,Barra de pan,504,0,27,19,0,0,0,0,0,Mediados,0,75,Ninguno
2026-08-13,Pechuga de pollo fileteada 500 g,123,0,27,19,0,0,0,0,0,Mediados,0,75,Ninguno
2026-08-13,Horchata Hacendado 1 L,57,0,27,19,0,0,0,0,0,Mediados,0,75,Ninguno
2026-08-13,Polos de limón Hacendado 10 ud,46,0,27,19,0,0,0,0,0,Mediados,0,75,Ninguno
2026-08-13,Sandía baja en semillas,89,0,27,19,0,0,0,0,0,Mediados,0,75,Ninguno
2026-08-13,Conos nata y chocolate Hacendado,70,0,27,19,0,0,0,0,0,Mediados,0,75,Ninguno
2026-08-13,Fresas 500 g,36,0,27,19,0,0,0,0,0,Mediados,0,75,Ninguno
2026-08-13,Cerveza Steinburg lata,155,0,27,19,0,0,0,0,0,Mediados,0,75,Ninguno
2026-08-13,Refresco de cola Hacendado 2 L,104,0,27,19,0,0,0,0,0,Mediados,0,75,Ninguno
2026-08-13,Hamburguesa de vacuno,62,0,27,19,0,0,0,0,0,Mediados,0,75,Ninguno
2026-08-13,Patatas fritas lisas Hacendado,78,0,27,19,0,0,0,0,0,Mediados,0,75,Ninguno
2026-08-13,Hummus clásico Hacendado,52,0,27,19,0,0,0,0,0,Mediados,0,75,Ninguno
2026-08-13,Salmón fresco en lomos 250 g,41,0,27,19,0,0,0,0,0,Mediados,0,75,Ninguno
2026-08-13,Aguacate malla 4 ud,30,0,27,19,0,0,0,0,0,Mediados,0,75,Ninguno
2026-08-13,Crema de pistacho Hacendado 200 g,20,0,27,19,0,0,0,0,0,Mediados,0,75,Ninguno
2026-08-13,Zumo de naranja exprimido 1 L,47,0,27,19,0,0,0,0,0,Mediados,0,75,Ninguno
2026-08-13,Kéfir natural Hacendado,29,0,27,19,0,0,0,0,0,Mediados,0,75,Ninguno
2026-08-13,Queso fresco batido 0 % Hacendado,39,0,27,19,0,0,0,0,0,Mediados,0,75,Ninguno
2026-08-13,Yogur griego Hacendado,60,0,27,19,0,0,0,0,0,Mediados,0,75,Ninguno
2026-08-13,Plátano de Canarias 1 kg,100,0,27,19,0,0,0,0,0,Mediados,0,75,Ninguno
2026-08-13,Naranja de mesa 2 kg,50,0,27,19,0,0,0,0,0,Mediados,0,75,Ninguno
2026-08-13,Lechuga iceberg,79,0,27,19,0,0,0,0,0,Mediados,0,75,Ninguno
"2026-08-14,""Agua mineral Bronchales 1,5 L"",517,0,34,23,0,0,96,100,0,Mediados,0,90,Ninguno"
2026-08-14,Leche entera Hacendado 1 L,466,0,34,23,0,0,96,100,0,Mediados,0,90,Ninguno
2026-08-14,Leche semidesnatada Hacendado 1 L,470,0,34,23,0,0,96,100,0,Mediados,0,90,Ninguno
2026-08-14,Yogur natural Hacendado,254,0,34,23,0,0,96,100,0,Mediados,0,90,Ninguno
2026-08-14,Huevos L docena,200,0,34,23,0,0,96,100,0,Mediados,0,90,Ninguno
2026-08-14,Barra de pan,649,0,34,23,0,0,96,100,0,Mediados,0,90,Ninguno
2026-08-14,Pechuga de pollo fileteada 500 g,152,0,34,23,0,0,96,100,0,Mediados,0,90,Ninguno
2026-08-14,Horchata Hacendado 1 L,103,0,34,23,0,0,96,100,0,Mediados,0,90,Ninguno
2026-08-14,Polos de limón Hacendado 10 ud,85,0,34,23,0,0,96,100,0,Mediados,0,90,Ninguno
2026-08-14,Sandía baja en semillas,162,0,34,23,0,0,96,100,0,Mediados,0,90,Ninguno
2026-08-14,Conos nata y chocolate Hacendado,123,0,34,23,0,0,96,100,0,Mediados,0,90,Ninguno
2026-08-14,Fresas 500 g,65,0,34,23,0,0,96,100,0,Mediados,0,90,Ninguno
2026-08-14,Cerveza Steinburg lata,216,0,34,23,0,0,96,100,0,Mediados,0,90,Ninguno
2026-08-14,Refresco de cola Hacendado 2 L,145,0,34,23,0,0,96,100,0,Mediados,0,90,Ninguno
2026-08-14,Hamburguesa de vacuno,89,0,34,23,0,0,96,100,0,Mediados,0,90,Ninguno
2026-08-14,Patatas fritas lisas Hacendado,116,0,34,23,0,0,96,100,0,Mediados,0,90,Ninguno
2026-08-14,Hummus clásico Hacendado,73,0,34,23,0,0,96,100,0,Mediados,0,90,Ninguno
2026-08-14,Salmón fresco en lomos 250 g,40,0,34,23,0,0,96,100,0,Mediados,0,90,Ninguno
2026-08-14,Aguacate malla 4 ud,29,0,34,23,0,0,96,100,0,Mediados,0,90,Ninguno
2026-08-14,Crema de pistacho Hacendado 200 g,20,0,34,23,0,0,96,100,0,Mediados,0,90,Ninguno
2026-08-14,Zumo de naranja exprimido 1 L,43,0,34,23,0,0,96,100,0,Mediados,0,90,Ninguno
2026-08-14,Kéfir natural Hacendado,31,0,34,23,0,0,96,100,0,Mediados,0,90,Ninguno
2026-08-14,Queso fresco batido 0 % Hacendado,40,0,34,23,0,0,96,100,0,Mediados,0,90,Ninguno
2026-08-14,Yogur griego Hacendado,62,0,34,23,0,0,96,100,0,Mediados,0,90,Ninguno
2026-08-14,Plátano de Canarias 1 kg,104,0,34,23,0,0,96,100,0,Mediados,0,90,Ninguno
2026-08-14,Naranja de mesa 2 kg,48,0,34,23,0,0,96,100,0,Mediados,0,90,Ninguno
2026-08-14,Lechuga iceberg,83,0,34,23,0,0,96,100,0,Mediados,0,90,Ninguno
"2026-08-15,""Agua mineral Bronchales 1,5 L"",412,0,35,10,39,0,54,0,100,Mediados,97,94,Ninguno"
2026-08-15,Leche entera Hacendado 1 L,364,0,35,10,39,0,54,0,100,Mediados,97,94,Ninguno
2026-08-15,Leche semidesnatada Hacendado 1 L,350,0,35,10,39,0,54,0,100,Mediados,97,94,Ninguno
2026-08-15,Yogur natural Hacendado,195,0,35,10,39,0,54,0,100,Mediados,97,94,Ninguno
2026-08-15,Huevos L docena,150,0,35,10,39,0,54,0,100,Mediados,97,94,Ninguno
2026-08-15,Barra de pan,494,0,35,10,39,0,54,0,100,Mediados,97,94,Ninguno
2026-08-15,Pechuga de pollo fileteada 500 g,122,0,35,10,39,0,54,0,100,Mediados,97,94,Ninguno
2026-08-15,Horchata Hacendado 1 L,121,0,35,10,39,0,54,0,100,Mediados,97,94,Ninguno
2026-08-15,Polos de limón Hacendado 10 ud,96,0,35,10,39,0,54,0,100,Mediados,97,94,Ninguno
2026-08-15,Sandía baja en semillas,194,0,35,10,39,0,54,0,100,Mediados,97,94,Ninguno
2026-08-15,Conos nata y chocolate Hacendado,147,0,35,10,39,0,54,0,100,Mediados,97,94,Ninguno
2026-08-15,Fresas 500 g,74,0,35,10,39,0,54,0,100,Mediados,97,94,Ninguno
2026-08-15,Cerveza Steinburg lata,226,0,35,10,39,0,54,0,100,Mediados,97,94,Ninguno
2026-08-15,Refresco de cola Hacendado 2 L,156,0,35,10,39,0,54,0,100,Mediados,97,94,Ninguno
2026-08-15,Hamburguesa de vacuno,91,0,35,10,39,0,54,0,100,Mediados,97,94,Ninguno
2026-08-15,Patatas fritas lisas Hacendado,122,0,35,10,39,0,54,0,100,Mediados,97,94,Ninguno
2026-08-15,Hummus clásico Hacendado,72,0,35,10,39,0,54,0,100,Mediados,97,94,Ninguno
2026-08-15,Salmón fresco en lomos 250 g,40,0,35,10,39,0,54,0,100,Mediados,97,94,Ninguno
2026-08-15,Aguacate malla 4 ud,31,0,35,10,39,0,54,0,100,Mediados,97,94,Ninguno
2026-08-15,Crema de pistacho Hacendado 200 g,19,0,35,10,39,0,54,0,100,Mediados,97,94,Ninguno
2026-08-15,Zumo de naranja exprimido 1 L,44,0,35,10,39,0,54,0,100,Mediados,97,94,Ninguno
2026-08-15,Kéfir natural Hacendado,29,0,35,10,39,0,54,0,100,Mediados,97,94,Ninguno
2026-08-15,Queso fresco batido 0 % Hacendado,40,0,35,10,39,0,54,0,100,Mediados,97,94,Ninguno
2026-08-15,Yogur griego Hacendado,59,0,35,10,39,0,54,0,100,Mediados,97,94,Ninguno
2026-08-15,Plátano de Canarias 1 kg,104,0,35,10,39,0,54,0,100,Mediados,97,94,Ninguno
2026-08-15,Naranja de mesa 2 kg,49,0,35,10,39,0,54,0,100,Mediados,97,94,Ninguno
2026-08-15,Lechuga iceberg,84,0,35,10,39,0,54,0,100,Mediados,97,94,Ninguno
"2026-08-16,""Agua mineral Bronchales 1,5 L"",406,0,22,17,0,0,45,0,0,Mediados,0,74,Ninguno"
2026-08-16,Leche entera Hacendado 1 L,360,0,22,17,0,0,45,0,0,Mediados,0,74,Ninguno
2026-08-16,Leche semidesnatada Hacendado 1 L,355,0,22,17,0,0,45,0,0,Mediados,0,74,Ninguno
2026-08-16,Yogur natural Hacendado,205,0,22,17,0,0,45,0,0,Mediados,0,74,Ninguno
2026-08-16,Huevos L docena,157,0,22,17,0,0,45,0,0,Mediados,0,74,Ninguno
2026-08-16,Barra de pan,485,0,22,17,0,0,45,0,0,Mediados,0,74,Ninguno
2026-08-16,Pechuga de pollo fileteada 500 g,114,0,22,17,0,0,45,0,0,Mediados,0,74,Ninguno
2026-08-16,Horchata Hacendado 1 L,55,0,22,17,0,0,45,0,0,Mediados,0,74,Ninguno
2026-08-16,Polos de limón Hacendado 10 ud,44,0,22,17,0,0,45,0,0,Mediados,0,74,Ninguno
2026-08-16,Sandía baja en semillas,93,0,22,17,0,0,45,0,0,Mediados,0,74,Ninguno
2026-08-16,Conos nata y chocolate Hacendado,69,0,22,17,0,0,45,0,0,Mediados,0,74,Ninguno
2026-08-16,Fresas 500 g,33,0,22,17,0,0,45,0,0,Mediados,0,74,Ninguno
2026-08-16,Cerveza Steinburg lata,153,0,22,17,0,0,45,0,0,Mediados,0,74,Ninguno
2026-08-16,Refresco de cola Hacendado 2 L,103,0,22,17,0,0,45,0,0,Mediados,0,74,Ninguno
2026-08-16,Hamburguesa de vacuno,58,0,22,17,0,0,45,0,0,Mediados,0,74,Ninguno
2026-08-16,Patatas fritas lisas Hacendado,81,0,22,17,0,0,45,0,0,Mediados,0,74,Ninguno
2026-08-16,Hummus clásico Hacendado,51,0,22,17,0,0,45,0,0,Mediados,0,74,Ninguno
2026-08-16,Salmón fresco en lomos 250 g,38,0,22,17,0,0,45,0,0,Mediados,0,74,Ninguno
2026-08-16,Aguacate malla 4 ud,31,0,22,17,0,0,45,0,0,Mediados,0,74,Ninguno
2026-08-16,Crema de pistacho Hacendado 200 g,21,0,22,17,0,0,45,0,0,Mediados,0,74,Ninguno
2026-08-16,Zumo de naranja exprimido 1 L,43,0,22,17,0,0,45,0,0,Mediados,0,74,Ninguno
2026-08-16,Kéfir natural Hacendado,29,0,22,17,0,0,45,0,0,Mediados,0,74,Ninguno
2026-08-16,Queso fresco batido 0 % Hacendado,39,0,22,17,0,0,45,0,0,Mediados,0,74,Ninguno
2026-08-16,Yogur griego Hacendado,61,0,22,17,0,0,45,0,0,Mediados,0,74,Ninguno
2026-08-16,Plátano de Canarias 1 kg,105,0,22,17,0,0,45,0,0,Mediados,0,74,Ninguno
2026-08-16,Naranja de mesa 2 kg,49,0,22,17,0,0,45,0,0,Mediados,0,74,Ninguno
2026-08-16,Lechuga iceberg,82,0,22,17,0,0,45,0,0,Mediados,0,74,Ninguno
"2026-08-17,""Agua mineral Bronchales 1,5 L"",412,0,40,17,0,0,77,0,0,Mediados,0,67,Ninguno"
2026-08-17,Leche entera Hacendado 1 L,352,0,40,17,0,0,77,0,0,Mediados,0,67,Ninguno
2026-08-17,Leche semidesnatada Hacendado 1 L,334,0,40,17,0,0,77,0,0,Mediados,0,67,Ninguno
2026-08-17,Yogur natural Hacendado,201,0,40,17,0,0,77,0,0,Mediados,0,67,Ninguno
2026-08-17,Huevos L docena,152,0,40,17,0,0,77,0,0,Mediados,0,67,Ninguno
2026-08-17,Barra de pan,478,0,40,17,0,0,77,0,0,Mediados,0,67,Ninguno
2026-08-17,Pechuga de pollo fileteada 500 g,122,0,40,17,0,0,77,0,0,Mediados,0,67,Ninguno
2026-08-17,Horchata Hacendado 1 L,127,0,40,17,0,0,77,0,0,Mediados,0,67,Ninguno
2026-08-17,Polos de limón Hacendado 10 ud,106,0,40,17,0,0,77,0,0,Mediados,0,67,Ninguno
2026-08-17,Sandía baja en semillas,214,0,40,17,0,0,77,0,0,Mediados,0,67,Ninguno
2026-08-17,Conos nata y chocolate Hacendado,159,0,40,17,0,0,77,0,0,Mediados,0,67,Ninguno
2026-08-17,Fresas 500 g,79,0,40,17,0,0,77,0,0,Mediados,0,67,Ninguno
2026-08-17,Cerveza Steinburg lata,156,0,40,17,0,0,77,0,0,Mediados,0,67,Ninguno
2026-08-17,Refresco de cola Hacendado 2 L,100,0,40,17,0,0,77,0,0,Mediados,0,67,Ninguno
2026-08-17,Hamburguesa de vacuno,58,0,40,17,0,0,77,0,0,Mediados,0,67,Ninguno
2026-08-17,Patatas fritas lisas Hacendado,77,0,40,17,0,0,77,0,0,Mediados,0,67,Ninguno
2026-08-17,Hummus clásico Hacendado,50,0,40,17,0,0,77,0,0,Mediados,0,67,Ninguno
2026-08-17,Salmón fresco en lomos 250 g,41,0,40,17,0,0,77,0,0,Mediados,0,67,Ninguno
2026-08-17,Aguacate malla 4 ud,30,0,40,17,0,0,77,0,0,Mediados,0,67,Ninguno
2026-08-17,Crema de pistacho Hacendado 200 g,21,0,40,17,0,0,77,0,0,Mediados,0,67,Ninguno
2026-08-17,Zumo de naranja exprimido 1 L,46,0,40,17,0,0,77,0,0,Mediados,0,67,Ninguno
2026-08-17,Kéfir natural Hacendado,30,0,40,17,0,0,77,0,0,Mediados,0,67,Ninguno
2026-08-17,Queso fresco batido 0 % Hacendado,41,0,40,17,0,0,77,0,0,Mediados,0,67,Ninguno
2026-08-17,Yogur griego Hacendado,61,0,40,17,0,0,77,0,0,Mediados,0,67,Ninguno
2026-08-17,Plátano de Canarias 1 kg,98,0,40,17,0,0,77,0,0,Mediados,0,67,Ninguno
2026-08-17,Naranja de mesa 2 kg,49,0,40,17,0,0,77,0,0,Mediados,0,67,Ninguno
2026-08-17,Lechuga iceberg,83,0,40,17,0,0,77,0,0,Mediados,0,67,Ninguno
"2026-08-18,""Agua mineral Bronchales 1,5 L"",381,0,34,17,0,0,0,0,0,Mediados,0,81,Ninguno"
2026-08-18,Leche entera Hacendado 1 L,362,0,34,17,0,0,0,0,0,Mediados,0,81,Ninguno
2026-08-18,Leche semidesnatada Hacendado 1 L,339,0,34,17,0,0,0,0,0,Mediados,0,81,Ninguno
2026-08-18,Yogur natural Hacendado,194,0,34,17,0,0,0,0,0,Mediados,0,81,Ninguno
2026-08-18,Huevos L docena,154,0,34,17,0,0,0,0,0,Mediados,0,81,Ninguno
2026-08-18,Barra de pan,492,0,34,17,0,0,0,0,0,Mediados,0,81,Ninguno
2026-08-18,Pechuga de pollo fileteada 500 g,125,0,34,17,0,0,0,0,0,Mediados,0,81,Ninguno
2026-08-18,Horchata Hacendado 1 L,99,0,34,17,0,0,0,0,0,Mediados,0,81,Ninguno
2026-08-18,Polos de limón Hacendado 10 ud,76,0,34,17,0,0,0,0,0,Mediados,0,81,Ninguno
2026-08-18,Sandía baja en semillas,147,0,34,17,0,0,0,0,0,Mediados,0,81,Ninguno
2026-08-18,Conos nata y chocolate Hacendado,121,0,34,17,0,0,0,0,0,Mediados,0,81,Ninguno
2026-08-18,Fresas 500 g,56,0,34,17,0,0,0,0,0,Mediados,0,81,Ninguno
2026-08-18,Cerveza Steinburg lata,153,0,34,17,0,0,0,0,0,Mediados,0,81,Ninguno
2026-08-18,Refresco de cola Hacendado 2 L,100,0,34,17,0,0,0,0,0,Mediados,0,81,Ninguno
2026-08-18,Hamburguesa de vacuno,62,0,34,17,0,0,0,0,0,Mediados,0,81,Ninguno
2026-08-18,Patatas fritas lisas Hacendado,82,0,34,17,0,0,0,0,0,Mediados,0,81,Ninguno
2026-08-18,Hummus clásico Hacendado,51,0,34,17,0,0,0,0,0,Mediados,0,81,Ninguno
2026-08-18,Salmón fresco en lomos 250 g,40,0,34,17,0,0,0,0,0,Mediados,0,81,Ninguno
2026-08-18,Aguacate malla 4 ud,31,0,34,17,0,0,0,0,0,Mediados,0,81,Ninguno
2026-08-18,Crema de pistacho Hacendado 200 g,19,0,34,17,0,0,0,0,0,Mediados,0,81,Ninguno
2026-08-18,Zumo de naranja exprimido 1 L,44,0,34,17,0,0,0,0,0,Mediados,0,81,Ninguno
2026-08-18,Kéfir natural Hacendado,31,0,34,17,0,0,0,0,0,Mediados,0,81,Ninguno
2026-08-18,Queso fresco batido 0 % Hacendado,39,0,34,17,0,0,0,0,0,Mediados,0,81,Ninguno
2026-08-18,Yogur griego Hacendado,60,0,34,17,0,0,0,0,0,Mediados,0,81,Ninguno
2026-08-18,Plátano de Canarias 1 kg,100,0,34,17,0,0,0,0,0,Mediados,0,81,Ninguno
2026-08-18,Naranja de mesa 2 kg,50,0,34,17,0,0,0,0,0,Mediados,0,81,Ninguno
2026-08-18,Lechuga iceberg,79,0,34,17,0,0,0,0,0,Mediados,0,81,Ninguno
"2026-08-19,""Agua mineral Bronchales 1,5 L"",409,0,30,21,0,0,0,0,0,Mediados,0,67,Ninguno"
2026-08-19,Leche entera Hacendado 1 L,344,0,30,21,0,0,0,0,0,Mediados,0,67,Ninguno
2026-08-19,Leche semidesnatada Hacendado 1 L,359,0,30,21,0,0,0,0,0,Mediados,0,67,Ninguno
2026-08-19,Yogur natural Hacendado,209,0,30,21,0,0,0,0,0,Mediados,0,67,Ninguno
2026-08-19,Huevos L docena,153,0,30,21,0,0,0,0,0,Mediados,0,67,Ninguno
2026-08-19,Barra de pan,485,0,30,21,0,0,0,0,0,Mediados,0,67,Ninguno
2026-08-19,Pechuga de pollo fileteada 500 g,123,0,30,21,0,0,0,0,0,Mediados,0,67,Ninguno
2026-08-19,Horchata Hacendado 1 L,52,0,30,21,0,0,0,0,0,Mediados,0,67,Ninguno
2026-08-19,Polos de limón Hacendado 10 ud,43,0,30,21,0,0,0,0,0,Mediados,0,67,Ninguno
2026-08-19,Sandía baja en semillas,88,0,30,21,0,0,0,0,0,Mediados,0,67,Ninguno
2026-08-19,Conos nata y chocolate Hacendado,65,0,30,21,0,0,0,0,0,Mediados,0,67,Ninguno
2026-08-19,Fresas 500 g,34,0,30,21,0,0,0,0,0,Mediados,0,67,Ninguno
2026-08-19,Cerveza Steinburg lata,155,0,30,21,0,0,0,0,0,Mediados,0,67,Ninguno
2026-08-19,Refresco de cola Hacendado 2 L,98,0,30,21,0,0,0,0,0,Mediados,0,67,Ninguno
2026-08-19,Hamburguesa de vacuno,59,0,30,21,0,0,0,0,0,Mediados,0,67,Ninguno
2026-08-19,Patatas fritas lisas Hacendado,78,0,30,21,0,0,0,0,0,Mediados,0,67,Ninguno
2026-08-19,Hummus clásico Hacendado,51,0,30,21,0,0,0,0,0,Mediados,0,67,Ninguno
2026-08-19,Salmón fresco en lomos 250 g,39,0,30,21,0,0,0,0,0,Mediados,0,67,Ninguno
2026-08-19,Aguacate malla 4 ud,29,0,30,21,0,0,0,0,0,Mediados,0,67,Ninguno
2026-08-19,Crema de pistacho Hacendado 200 g,19,0,30,21,0,0,0,0,0,Mediados,0,67,Ninguno
2026-08-19,Zumo de naranja exprimido 1 L,44,0,30,21,0,0,0,0,0,Mediados,0,67,Ninguno
2026-08-19,Kéfir natural Hacendado,31,0,30,21,0,0,0,0,0,Mediados,0,67,Ninguno
2026-08-19,Queso fresco batido 0 % Hacendado,41,0,30,21,0,0,0,0,0,Mediados,0,67,Ninguno
2026-08-19,Yogur griego Hacendado,62,0,30,21,0,0,0,0,0,Mediados,0,67,Ninguno
2026-08-19,Plátano de Canarias 1 kg,96,0,30,21,0,0,0,0,0,Mediados,0,67,Ninguno
2026-08-19,Naranja de mesa 2 kg,48,0,30,21,0,0,0,0,0,Mediados,0,67,Ninguno
2026-08-19,Lechuga iceberg,78,0,30,21,0,0,0,0,0,Mediados,0,67,Ninguno
"2026-08-20,""Agua mineral Bronchales 1,5 L"",396,0,30,15,33,62,0,0,0,Mediados,0,64,Ninguno"
2026-08-20,Leche entera Hacendado 1 L,335,0,30,15,33,62,0,0,0,Mediados,0,64,Ninguno
2026-08-20,Leche semidesnatada Hacendado 1 L,355,0,30,15,33,62,0,0,0,Mediados,0,64,Ninguno
2026-08-20,Yogur natural Hacendado,191,0,30,15,33,62,0,0,0,Mediados,0,64,Ninguno
2026-08-20,Huevos L docena,145,0,30,15,33,62,0,0,0,Mediados,0,64,Ninguno
2026-08-20,Barra de pan,503,0,30,15,33,62,0,0,0,Mediados,0,64,Ninguno
2026-08-20,Pechuga de pollo fileteada 500 g,118,0,30,15,33,62,0,0,0,Mediados,0,64,Ninguno
2026-08-20,Horchata Hacendado 1 L,55,0,30,15,33,62,0,0,0,Mediados,0,64,Ninguno
2026-08-20,Polos de limón Hacendado 10 ud,40,0,30,15,33,62,0,0,0,Mediados,0,64,Ninguno
2026-08-20,Sandía baja en semillas,85,0,30,15,33,62,0,0,0,Mediados,0,64,Ninguno
2026-08-20,Conos nata y chocolate Hacendado,63,0,30,15,33,62,0,0,0,Mediados,0,64,Ninguno
2026-08-20,Fresas 500 g,32,0,30,15,33,62,0,0,0,Mediados,0,64,Ninguno
2026-08-20,Cerveza Steinburg lata,292,0,30,15,33,62,0,0,0,Mediados,0,64,Ninguno
2026-08-20,Refresco de cola Hacendado 2 L,251,0,30,15,33,62,0,0,0,Mediados,0,64,Ninguno
2026-08-20,Hamburguesa de vacuno,209,0,30,15,33,62,0,0,0,Mediados,0,64,Ninguno
2026-08-20,Patatas fritas lisas Hacendado,229,0,30,15,33,62,0,0,0,Mediados,0,64,Ninguno
2026-08-20,Hummus clásico Hacendado,207,0,30,15,33,62,0,0,0,Mediados,0,64,Ninguno
2026-08-20,Salmón fresco en lomos 250 g,42,0,30,15,33,62,0,0,0,Mediados,0,64,Ninguno
2026-08-20,Aguacate malla 4 ud,29,0,30,15,33,62,0,0,0,Mediados,0,64,Ninguno
2026-08-20,Crema de pistacho Hacendado 200 g,20,0,30,15,33,62,0,0,0,Mediados,0,64,Ninguno
2026-08-20,Zumo de naranja exprimido 1 L,45,0,30,15,33,62,0,0,0,Mediados,0,64,Ninguno
2026-08-20,Kéfir natural Hacendado,31,0,30,15,33,62,0,0,0,Mediados,0,64,Ninguno
2026-08-20,Queso fresco batido 0 % Hacendado,42,0,30,15,33,62,0,0,0,Mediados,0,64,Ninguno
2026-08-20,Yogur griego Hacendado,58,0,30,15,33,62,0,0,0,Mediados,0,64,Ninguno
2026-08-20,Plátano de Canarias 1 kg,97,0,30,15,33,62,0,0,0,Mediados,0,64,Ninguno
2026-08-20,Naranja de mesa 2 kg,51,0,30,15,33,62,0,0,0,Mediados,0,64,Ninguno
2026-08-20,Lechuga iceberg,77,0,30,15,33,62,0,0,0,Mediados,0,64,Ninguno
"2026-08-21,""Agua mineral Bronchales 1,5 L"",381,0,22,12,0,0,0,0,0,Final,0,78,Ninguno"
2026-08-21,Leche entera Hacendado 1 L,343,0,22,12,0,0,0,0,0,Final,0,78,Ninguno
2026-08-21,Leche semidesnatada Hacendado 1 L,342,0,22,12,0,0,0,0,0,Final,0,78,Ninguno
2026-08-21,Yogur natural Hacendado,207,0,22,12,0,0,0,0,0,Final,0,78,Ninguno
2026-08-21,Huevos L docena,144,0,22,12,0,0,0,0,0,Final,0,78,Ninguno
2026-08-21,Barra de pan,487,0,22,12,0,0,0,0,0,Final,0,78,Ninguno
2026-08-21,Pechuga de pollo fileteada 500 g,117,0,22,12,0,0,0,0,0,Final,0,78,Ninguno
2026-08-21,Horchata Hacendado 1 L,61,0,22,12,0,0,0,0,0,Final,0,78,Ninguno
2026-08-21,Polos de limón Hacendado 10 ud,48,0,22,12,0,0,0,0,0,Final,0,78,Ninguno
2026-08-21,Sandía baja en semillas,97,0,22,12,0,0,0,0,0,Final,0,78,Ninguno
2026-08-21,Conos nata y chocolate Hacendado,69,0,22,12,0,0,0,0,0,Final,0,78,Ninguno
2026-08-21,Fresas 500 g,34,0,22,12,0,0,0,0,0,Final,0,78,Ninguno
2026-08-21,Cerveza Steinburg lata,102,0,22,12,0,0,0,0,0,Final,0,78,Ninguno
2026-08-21,Refresco de cola Hacendado 2 L,68,0,22,12,0,0,0,0,0,Final,0,78,Ninguno
2026-08-21,Hamburguesa de vacuno,41,0,22,12,0,0,0,0,0,Final,0,78,Ninguno
2026-08-21,Patatas fritas lisas Hacendado,54,0,22,12,0,0,0,0,0,Final,0,78,Ninguno
2026-08-21,Hummus clásico Hacendado,33,0,22,12,0,0,0,0,0,Final,0,78,Ninguno
2026-08-21,Salmón fresco en lomos 250 g,21,0,22,12,0,0,0,0,0,Final,0,78,Ninguno
2026-08-21,Aguacate malla 4 ud,15,0,22,12,0,0,0,0,0,Final,0,78,Ninguno
2026-08-21,Crema de pistacho Hacendado 200 g,10,0,22,12,0,0,0,0,0,Final,0,78,Ninguno
2026-08-21,Zumo de naranja exprimido 1 L,23,0,22,12,0,0,0,0,0,Final,0,78,Ninguno
2026-08-21,Kéfir natural Hacendado,30,0,22,12,0,0,0,0,0,Final,0,78,Ninguno
2026-08-21,Queso fresco batido 0 % Hacendado,40,0,22,12,0,0,0,0,0,Final,0,78,Ninguno
2026-08-21,Yogur griego Hacendado,59,0,22,12,0,0,0,0,0,Final,0,78,Ninguno
2026-08-21,Plátano de Canarias 1 kg,99,0,22,12,0,0,0,0,0,Final,0,78,Ninguno
2026-08-21,Naranja de mesa 2 kg,49,0,22,12,0,0,0,0,0,Final,0,78,Ninguno
2026-08-21,Lechuga iceberg,80,0,22,12,0,0,0,0,0,Final,0,78,Ninguno
"2026-08-22,""Agua mineral Bronchales 1,5 L"",389,0,39,11,95,0,0,0,0,Final,0,65,Crema de pistacho Hacendado"
2026-08-22,Leche entera Hacendado 1 L,356,0,39,11,95,0,0,0,0,Final,0,65,Crema de pistacho Hacendado
2026-08-22,Leche semidesnatada Hacendado 1 L,363,0,39,11,95,0,0,0,0,Final,0,65,Crema de pistacho Hacendado
2026-08-22,Yogur natural Hacendado,202,0,39,11,95,0,0,0,0,Final,0,65,Crema de pistacho Hacendado
2026-08-22,Huevos L docena,143,0,39,11,95,0,0,0,0,Final,0,65,Crema de pistacho Hacendado
2026-08-22,Barra de pan,513,0,39,11,95,0,0,0,0,Final,0,65,Crema de pistacho Hacendado
2026-08-22,Pechuga de pollo fileteada 500 g,124,0,39,11,95,0,0,0,0,Final,0,65,Crema de pistacho Hacendado
2026-08-22,Horchata Hacendado 1 L,124,0,39,11,95,0,0,0,0,Final,0,65,Crema de pistacho Hacendado
2026-08-22,Polos de limón Hacendado 10 ud,101,0,39,11,95,0,0,0,0,Final,0,65,Crema de pistacho Hacendado
2026-08-22,Sandía baja en semillas,191,0,39,11,95,0,0,0,0,Final,0,65,Crema de pistacho Hacendado
2026-08-22,Conos nata y chocolate Hacendado,148,0,39,11,95,0,0,0,0,Final,0,65,Crema de pistacho Hacendado
2026-08-22,Fresas 500 g,74,0,39,11,95,0,0,0,0,Final,0,65,Crema de pistacho Hacendado
2026-08-22,Cerveza Steinburg lata,205,0,39,11,95,0,0,0,0,Final,0,65,Crema de pistacho Hacendado
2026-08-22,Refresco de cola Hacendado 2 L,184,0,39,11,95,0,0,0,0,Final,0,65,Crema de pistacho Hacendado
2026-08-22,Hamburguesa de vacuno,146,0,39,11,95,0,0,0,0,Final,0,65,Crema de pistacho Hacendado
2026-08-22,Patatas fritas lisas Hacendado,166,0,39,11,95,0,0,0,0,Final,0,65,Crema de pistacho Hacendado
2026-08-22,Hummus clásico Hacendado,147,0,39,11,95,0,0,0,0,Final,0,65,Crema de pistacho Hacendado
2026-08-22,Salmón fresco en lomos 250 g,20,0,39,11,95,0,0,0,0,Final,0,65,Crema de pistacho Hacendado
2026-08-22,Aguacate malla 4 ud,15,0,39,11,95,0,0,0,0,Final,0,65,Crema de pistacho Hacendado
2026-08-22,Crema de pistacho Hacendado 200 g,10,0,39,11,95,0,0,0,0,Final,0,65,Crema de pistacho Hacendado
2026-08-22,Zumo de naranja exprimido 1 L,22,0,39,11,95,0,0,0,0,Final,0,65,Crema de pistacho Hacendado
2026-08-22,Kéfir natural Hacendado,29,0,39,11,95,0,0,0,0,Final,0,65,Crema de pistacho Hacendado
2026-08-22,Queso fresco batido 0 % Hacendado,40,0,39,11,95,0,0,0,0,Final,0,65,Crema de pistacho Hacendado
2026-08-22,Yogur griego Hacendado,60,0,39,11,95,0,0,0,0,Final,0,65,Crema de pistacho Hacendado
2026-08-22,Plátano de Canarias 1 kg,102,0,39,11,95,0,0,0,0,Final,0,65,Crema de pistacho Hacendado
2026-08-22,Naranja de mesa 2 kg,50,0,39,11,95,0,0,0,0,Final,0,65,Crema de pistacho Hacendado
2026-08-22,Lechuga iceberg,82,0,39,11,95,0,0,0,0,Final,0,65,Crema de pistacho Hacendado
"2026-08-23,""Agua mineral Bronchales 1,5 L"",413,0,22,15,0,0,0,0,0,Final,0,92,Crema de pistacho Hacendado"
2026-08-23,Leche entera Hacendado 1 L,333,0,22,15,0,0,0,0,0,Final,0,92,Crema de pistacho Hacendado
2026-08-23,Leche semidesnatada Hacendado 1 L,363,0,22,15,0,0,0,0,0,Final,0,92,Crema de pistacho Hacendado
2026-08-23,Yogur natural Hacendado,199,0,22,15,0,0,0,0,0,Final,0,92,Crema de pistacho Hacendado
2026-08-23,Huevos L docena,143,0,22,15,0,0,0,0,0,Final,0,92,Crema de pistacho Hacendado
2026-08-23,Barra de pan,501,0,22,15,0,0,0,0,0,Final,0,92,Crema de pistacho Hacendado
2026-08-23,Pechuga de pollo fileteada 500 g,121,0,22,15,0,0,0,0,0,Final,0,92,Crema de pistacho Hacendado
2026-08-23,Horchata Hacendado 1 L,66,0,22,15,0,0,0,0,0,Final,0,92,Crema de pistacho Hacendado
2026-08-23,Polos de limón Hacendado 10 ud,52,0,22,15,0,0,0,0,0,Final,0,92,Crema de pistacho Hacendado
2026-08-23,Sandía baja en semillas,101,0,22,15,0,0,0,0,0,Final,0,92,Crema de pistacho Hacendado
2026-08-23,Conos nata y chocolate Hacendado,77,0,22,15,0,0,0,0,0,Final,0,92,Crema de pistacho Hacendado
2026-08-23,Fresas 500 g,38,0,22,15,0,0,0,0,0,Final,0,92,Crema de pistacho Hacendado
2026-08-23,Cerveza Steinburg lata,103,0,22,15,0,0,0,0,0,Final,0,92,Crema de pistacho Hacendado
2026-08-23,Refresco de cola Hacendado 2 L,73,0,22,15,0,0,0,0,0,Final,0,92,Crema de pistacho Hacendado
2026-08-23,Hamburguesa de vacuno,42,0,22,15,0,0,0,0,0,Final,0,92,Crema de pistacho Hacendado
2026-08-23,Patatas fritas lisas Hacendado,53,0,22,15,0,0,0,0,0,Final,0,92,Crema de pistacho Hacendado
2026-08-23,Hummus clásico Hacendado,35,0,22,15,0,0,0,0,0,Final,0,92,Crema de pistacho Hacendado
2026-08-23,Salmón fresco en lomos 250 g,21,0,22,15,0,0,0,0,0,Final,0,92,Crema de pistacho Hacendado
2026-08-23,Aguacate malla 4 ud,15,0,22,15,0,0,0,0,0,Final,0,92,Crema de pistacho Hacendado
2026-08-23,Crema de pistacho Hacendado 200 g,10,0,22,15,0,0,0,0,0,Final,0,92,Crema de pistacho Hacendado
2026-08-23,Zumo de naranja exprimido 1 L,21,0,22,15,0,0,0,0,0,Final,0,92,Crema de pistacho Hacendado
2026-08-23,Kéfir natural Hacendado,30,0,22,15,0,0,0,0,0,Final,0,92,Crema de pistacho Hacendado
2026-08-23,Queso fresco batido 0 % Hacendado,39,0,22,15,0,0,0,0,0,Final,0,92,Crema de pistacho Hacendado
2026-08-23,Yogur griego Hacendado,62,0,22,15,0,0,0,0,0,Final,0,92,Crema de pistacho Hacendado
2026-08-23,Plátano de Canarias 1 kg,96,0,22,15,0,0,0,0,0,Final,0,92,Crema de pistacho Hacendado
2026-08-23,Naranja de mesa 2 kg,52,0,22,15,0,0,0,0,0,Final,0,92,Crema de pistacho Hacendado
2026-08-23,Lechuga iceberg,81,0,22,15,0,0,0,0,0,Final,0,92,Crema de pistacho Hacendado
"2026-08-24,""Agua mineral Bronchales 1,5 L"",402,0,29,18,0,0,0,0,0,Final,0,89,Ninguno"
2026-08-24,Leche entera Hacendado 1 L,346,0,29,18,0,0,0,0,0,Final,0,89,Ninguno
2026-08-24,Leche semidesnatada Hacendado 1 L,365,0,29,18,0,0,0,0,0,Final,0,89,Ninguno
2026-08-24,Yogur natural Hacendado,200,0,29,18,0,0,0,0,0,Final,0,89,Ninguno
2026-08-24,Huevos L docena,156,0,29,18,0,0,0,0,0,Final,0,89,Ninguno
2026-08-24,Barra de pan,518,0,29,18,0,0,0,0,0,Final,0,89,Ninguno
2026-08-24,Pechuga de pollo fileteada 500 g,117,0,29,18,0,0,0,0,0,Final,0,89,Ninguno
2026-08-24,Horchata Hacendado 1 L,66,0,29,18,0,0,0,0,0,Final,0,89,Ninguno
2026-08-24,Polos de limón Hacendado 10 ud,51,0,29,18,0,0,0,0,0,Final,0,89,Ninguno
2026-08-24,Sandía baja en semillas,108,0,29,18,0,0,0,0,0,Final,0,89,Ninguno
2026-08-24,Conos nata y chocolate Hacendado,77,0,29,18,0,0,0,0,0,Final,0,89,Ninguno
2026-08-24,Fresas 500 g,40,0,29,18,0,0,0,0,0,Final,0,89,Ninguno
2026-08-24,Cerveza Steinburg lata,103,0,29,18,0,0,0,0,0,Final,0,89,Ninguno
2026-08-24,Refresco de cola Hacendado 2 L,69,0,29,18,0,0,0,0,0,Final,0,89,Ninguno
2026-08-24,Hamburguesa de vacuno,42,0,29,18,0,0,0,0,0,Final,0,89,Ninguno
2026-08-24,Patatas fritas lisas Hacendado,59,0,29,18,0,0,0,0,0,Final,0,89,Ninguno
2026-08-24,Hummus clásico Hacendado,35,0,29,18,0,0,0,0,0,Final,0,89,Ninguno
2026-08-24,Salmón fresco en lomos 250 g,19,0,29,18,0,0,0,0,0,Final,0,89,Ninguno
2026-08-24,Aguacate malla 4 ud,15,0,29,18,0,0,0,0,0,Final,0,89,Ninguno
2026-08-24,Crema de pistacho Hacendado 200 g,10,0,29,18,0,0,0,0,0,Final,0,89,Ninguno
2026-08-24,Zumo de naranja exprimido 1 L,23,0,29,18,0,0,0,0,0,Final,0,89,Ninguno
2026-08-24,Kéfir natural Hacendado,30,0,29,18,0,0,0,0,0,Final,0,89,Ninguno
2026-08-24,Queso fresco batido 0 % Hacendado,40,0,29,18,0,0,0,0,0,Final,0,89,Ninguno
2026-08-24,Yogur griego Hacendado,59,0,29,18,0,0,0,0,0,Final,0,89,Ninguno
2026-08-24,Plátano de Canarias 1 kg,97,0,29,18,0,0,0,0,0,Final,0,89,Ninguno
2026-08-24,Naranja de mesa 2 kg,51,0,29,18,0,0,0,0,0,Final,0,89,Ninguno
2026-08-24,Lechuga iceberg,81,0,29,18,0,0,0,0,0,Final,0,89,Ninguno
"2026-08-25,""Agua mineral Bronchales 1,5 L"",420,0,33,11,0,0,49,0,0,Final,0,84,Ninguno"
2026-08-25,Leche entera Hacendado 1 L,360,0,33,11,0,0,49,0,0,Final,0,84,Ninguno
2026-08-25,Leche semidesnatada Hacendado 1 L,355,0,33,11,0,0,49,0,0,Final,0,84,Ninguno
2026-08-25,Yogur natural Hacendado,193,0,33,11,0,0,49,0,0,Final,0,84,Ninguno
2026-08-25,Huevos L docena,157,0,33,11,0,0,49,0,0,Final,0,84,Ninguno
2026-08-25,Barra de pan,481,0,33,11,0,0,49,0,0,Final,0,84,Ninguno
2026-08-25,Pechuga de pollo fileteada 500 g,126,0,33,11,0,0,49,0,0,Final,0,84,Ninguno
2026-08-25,Horchata Hacendado 1 L,88,0,33,11,0,0,49,0,0,Final,0,84,Ninguno
2026-08-25,Polos de limón Hacendado 10 ud,69,0,33,11,0,0,49,0,0,Final,0,84,Ninguno
2026-08-25,Sandía baja en semillas,149,0,33,11,0,0,49,0,0,Final,0,84,Ninguno
2026-08-25,Conos nata y chocolate Hacendado,104,0,33,11,0,0,49,0,0,Final,0,84,Ninguno
2026-08-25,Fresas 500 g,56,0,33,11,0,0,49,0,0,Final,0,84,Ninguno
2026-08-25,Cerveza Steinburg lata,100,0,33,11,0,0,49,0,0,Final,0,84,Ninguno
2026-08-25,Refresco de cola Hacendado 2 L,68,0,33,11,0,0,49,0,0,Final,0,84,Ninguno
2026-08-25,Hamburguesa de vacuno,44,0,33,11,0,0,49,0,0,Final,0,84,Ninguno
2026-08-25,Patatas fritas lisas Hacendado,59,0,33,11,0,0,49,0,0,Final,0,84,Ninguno
2026-08-25,Hummus clásico Hacendado,34,0,33,11,0,0,49,0,0,Final,0,84,Ninguno
2026-08-25,Salmón fresco en lomos 250 g,21,0,33,11,0,0,49,0,0,Final,0,84,Ninguno
2026-08-25,Aguacate malla 4 ud,15,0,33,11,0,0,49,0,0,Final,0,84,Ninguno
2026-08-25,Crema de pistacho Hacendado 200 g,10,0,33,11,0,0,49,0,0,Final,0,84,Ninguno
2026-08-25,Zumo de naranja exprimido 1 L,22,0,33,11,0,0,49,0,0,Final,0,84,Ninguno
2026-08-25,Kéfir natural Hacendado,29,0,33,11,0,0,49,0,0,Final,0,84,Ninguno
2026-08-25,Queso fresco batido 0 % Hacendado,39,0,33,11,0,0,49,0,0,Final,0,84,Ninguno
2026-08-25,Yogur griego Hacendado,61,0,33,11,0,0,49,0,0,Final,0,84,Ninguno
2026-08-25,Plátano de Canarias 1 kg,100,0,33,11,0,0,49,0,0,Final,0,84,Ninguno
2026-08-25,Naranja de mesa 2 kg,52,0,33,11,0,0,49,0,0,Final,0,84,Ninguno
2026-08-25,Lechuga iceberg,81,0,33,11,0,0,49,0,0,Final,0,84,Ninguno
"2026-08-26,""Agua mineral Bronchales 1,5 L"",420,63,37,11,0,0,0,0,0,Final,0,78,Ninguno"
2026-08-26,Leche entera Hacendado 1 L,359,63,37,11,0,0,0,0,0,Final,0,78,Ninguno
2026-08-26,Leche semidesnatada Hacendado 1 L,348,63,37,11,0,0,0,0,0,Final,0,78,Ninguno
2026-08-26,Yogur natural Hacendado,192,63,37,11,0,0,0,0,0,Final,0,78,Ninguno
2026-08-26,Huevos L docena,152,63,37,11,0,0,0,0,0,Final,0,78,Ninguno
2026-08-26,Barra de pan,519,63,37,11,0,0,0,0,0,Final,0,78,Ninguno
2026-08-26,Pechuga de pollo fileteada 500 g,119,63,37,11,0,0,0,0,0,Final,0,78,Ninguno
2026-08-26,Horchata Hacendado 1 L,49,63,37,11,0,0,0,0,0,Final,0,78,Ninguno
2026-08-26,Polos de limón Hacendado 10 ud,40,63,37,11,0,0,0,0,0,Final,0,78,Ninguno
2026-08-26,Sandía baja en semillas,74,63,37,11,0,0,0,0,0,Final,0,78,Ninguno
2026-08-26,Conos nata y chocolate Hacendado,60,63,37,11,0,0,0,0,0,Final,0,78,Ninguno
2026-08-26,Fresas 500 g,28,63,37,11,0,0,0,0,0,Final,0,78,Ninguno
2026-08-26,Cerveza Steinburg lata,104,63,37,11,0,0,0,0,0,Final,0,78,Ninguno
2026-08-26,Refresco de cola Hacendado 2 L,68,63,37,11,0,0,0,0,0,Final,0,78,Ninguno
2026-08-26,Hamburguesa de vacuno,42,63,37,11,0,0,0,0,0,Final,0,78,Ninguno
2026-08-26,Patatas fritas lisas Hacendado,56,63,37,11,0,0,0,0,0,Final,0,78,Ninguno
2026-08-26,Hummus clásico Hacendado,36,63,37,11,0,0,0,0,0,Final,0,78,Ninguno
2026-08-26,Salmón fresco en lomos 250 g,19,63,37,11,0,0,0,0,0,Final,0,78,Ninguno
2026-08-26,Aguacate malla 4 ud,14,63,37,11,0,0,0,0,0,Final,0,78,Ninguno
2026-08-26,Crema de pistacho Hacendado 200 g,10,63,37,11,0,0,0,0,0,Final,0,78,Ninguno
2026-08-26,Zumo de naranja exprimido 1 L,23,63,37,11,0,0,0,0,0,Final,0,78,Ninguno
2026-08-26,Kéfir natural Hacendado,29,63,37,11,0,0,0,0,0,Final,0,78,Ninguno
2026-08-26,Queso fresco batido 0 % Hacendado,42,63,37,11,0,0,0,0,0,Final,0,78,Ninguno
2026-08-26,Yogur griego Hacendado,58,63,37,11,0,0,0,0,0,Final,0,78,Ninguno
2026-08-26,Plátano de Canarias 1 kg,100,63,37,11,0,0,0,0,0,Final,0,78,Ninguno
2026-08-26,Naranja de mesa 2 kg,49,63,37,11,0,0,0,0,0,Final,0,78,Ninguno
2026-08-26,Lechuga iceberg,78,63,37,11,0,0,0,0,0,Final,0,78,Ninguno
"2026-08-27,""Agua mineral Bronchales 1,5 L"",420,0,34,19,0,0,0,0,0,Final,0,82,Ninguno"
2026-08-27,Leche entera Hacendado 1 L,343,0,34,19,0,0,0,0,0,Final,0,82,Ninguno
2026-08-27,Leche semidesnatada Hacendado 1 L,366,0,34,19,0,0,0,0,0,Final,0,82,Ninguno
2026-08-27,Yogur natural Hacendado,204,0,34,19,0,0,0,0,0,Final,0,82,Ninguno
2026-08-27,Huevos L docena,149,0,34,19,0,0,0,0,0,Final,0,82,Ninguno
2026-08-27,Barra de pan,490,0,34,19,0,0,0,0,0,Final,0,82,Ninguno
2026-08-27,Pechuga de pollo fileteada 500 g,126,0,34,19,0,0,0,0,0,Final,0,82,Ninguno
2026-08-27,Horchata Hacendado 1 L,101,0,34,19,0,0,0,0,0,Final,0,82,Ninguno
2026-08-27,Polos de limón Hacendado 10 ud,75,0,34,19,0,0,0,0,0,Final,0,82,Ninguno
2026-08-27,Sandía baja en semillas,154,0,34,19,0,0,0,0,0,Final,0,82,Ninguno
2026-08-27,Conos nata y chocolate Hacendado,115,0,34,19,0,0,0,0,0,Final,0,82,Ninguno
2026-08-27,Fresas 500 g,57,0,34,19,0,0,0,0,0,Final,0,82,Ninguno
2026-08-27,Cerveza Steinburg lata,107,0,34,19,0,0,0,0,0,Final,0,82,Ninguno
2026-08-27,Refresco de cola Hacendado 2 L,67,0,34,19,0,0,0,0,0,Final,0,82,Ninguno
2026-08-27,Hamburguesa de vacuno,43,0,34,19,0,0,0,0,0,Final,0,82,Ninguno
2026-08-27,Patatas fritas lisas Hacendado,55,0,34,19,0,0,0,0,0,Final,0,82,Ninguno
2026-08-27,Hummus clásico Hacendado,33,0,34,19,0,0,0,0,0,Final,0,82,Ninguno
2026-08-27,Salmón fresco en lomos 250 g,21,0,34,19,0,0,0,0,0,Final,0,82,Ninguno
2026-08-27,Aguacate malla 4 ud,15,0,34,19,0,0,0,0,0,Final,0,82,Ninguno
2026-08-27,Crema de pistacho Hacendado 200 g,10,0,34,19,0,0,0,0,0,Final,0,82,Ninguno
2026-08-27,Zumo de naranja exprimido 1 L,23,0,34,19,0,0,0,0,0,Final,0,82,Ninguno
2026-08-27,Kéfir natural Hacendado,31,0,34,19,0,0,0,0,0,Final,0,82,Ninguno
2026-08-27,Queso fresco batido 0 % Hacendado,41,0,34,19,0,0,0,0,0,Final,0,82,Ninguno
2026-08-27,Yogur griego Hacendado,62,0,34,19,0,0,0,0,0,Final,0,82,Ninguno
2026-08-27,Plátano de Canarias 1 kg,103,0,34,19,0,0,0,0,0,Final,0,82,Ninguno
2026-08-27,Naranja de mesa 2 kg,49,0,34,19,0,0,0,0,0,Final,0,82,Ninguno
2026-08-27,Lechuga iceberg,82,0,34,19,0,0,0,0,0,Final,0,82,Ninguno
"2026-08-28,""Agua mineral Bronchales 1,5 L"",405,0,26,18,0,0,0,0,0,Final,0,68,Ninguno"
2026-08-28,Leche entera Hacendado 1 L,364,0,26,18,0,0,0,0,0,Final,0,68,Ninguno
2026-08-28,Leche semidesnatada Hacendado 1 L,355,0,26,18,0,0,0,0,0,Final,0,68,Ninguno
2026-08-28,Yogur natural Hacendado,196,0,26,18,0,0,0,0,0,Final,0,68,Ninguno
2026-08-28,Huevos L docena,149,0,26,18,0,0,0,0,0,Final,0,68,Ninguno
2026-08-28,Barra de pan,504,0,26,18,0,0,0,0,0,Final,0,68,Ninguno
2026-08-28,Pechuga de pollo fileteada 500 g,123,0,26,18,0,0,0,0,0,Final,0,68,Ninguno
2026-08-28,Horchata Hacendado 1 L,52,0,26,18,0,0,0,0,0,Final,0,68,Ninguno
2026-08-28,Polos de limón Hacendado 10 ud,42,0,26,18,0,0,0,0,0,Final,0,68,Ninguno
2026-08-28,Sandía baja en semillas,89,0,26,18,0,0,0,0,0,Final,0,68,Ninguno
2026-08-28,Conos nata y chocolate Hacendado,63,0,26,18,0,0,0,0,0,Final,0,68,Ninguno
2026-08-28,Fresas 500 g,31,0,26,18,0,0,0,0,0,Final,0,68,Ninguno
2026-08-28,Cerveza Steinburg lata,105,0,26,18,0,0,0,0,0,Final,0,68,Ninguno
2026-08-28,Refresco de cola Hacendado 2 L,73,0,26,18,0,0,0,0,0,Final,0,68,Ninguno
2026-08-28,Hamburguesa de vacuno,42,0,26,18,0,0,0,0,0,Final,0,68,Ninguno
2026-08-28,Patatas fritas lisas Hacendado,58,0,26,18,0,0,0,0,0,Final,0,68,Ninguno
2026-08-28,Hummus clásico Hacendado,36,0,26,18,0,0,0,0,0,Final,0,68,Ninguno
2026-08-28,Salmón fresco en lomos 250 g,20,0,26,18,0,0,0,0,0,Final,0,68,Ninguno
2026-08-28,Aguacate malla 4 ud,15,0,26,18,0,0,0,0,0,Final,0,68,Ninguno
2026-08-28,Crema de pistacho Hacendado 200 g,10,0,26,18,0,0,0,0,0,Final,0,68,Ninguno
2026-08-28,Zumo de naranja exprimido 1 L,23,0,26,18,0,0,0,0,0,Final,0,68,Ninguno
2026-08-28,Kéfir natural Hacendado,31,0,26,18,0,0,0,0,0,Final,0,68,Ninguno
2026-08-28,Queso fresco batido 0 % Hacendado,39,0,26,18,0,0,0,0,0,Final,0,68,Ninguno
2026-08-28,Yogur griego Hacendado,58,0,26,18,0,0,0,0,0,Final,0,68,Ninguno
2026-08-28,Plátano de Canarias 1 kg,105,0,26,18,0,0,0,0,0,Final,0,68,Ninguno
2026-08-28,Naranja de mesa 2 kg,48,0,26,18,0,0,0,0,0,Final,0,68,Ninguno
2026-08-28,Lechuga iceberg,84,0,26,18,0,0,0,0,0,Final,0,68,Ninguno
"2026-08-29,""Agua mineral Bronchales 1,5 L"",398,93,32,21,0,0,0,0,0,Final,0,67,Ninguno"
2026-08-29,Leche entera Hacendado 1 L,356,93,32,21,0,0,0,0,0,Final,0,67,Ninguno
2026-08-29,Leche semidesnatada Hacendado 1 L,356,93,32,21,0,0,0,0,0,Final,0,67,Ninguno
2026-08-29,Yogur natural Hacendado,202,93,32,21,0,0,0,0,0,Final,0,67,Ninguno
2026-08-29,Huevos L docena,155,93,32,21,0,0,0,0,0,Final,0,67,Ninguno
2026-08-29,Barra de pan,522,93,32,21,0,0,0,0,0,Final,0,67,Ninguno
2026-08-29,Pechuga de pollo fileteada 500 g,115,93,32,21,0,0,0,0,0,Final,0,67,Ninguno
2026-08-29,Horchata Hacendado 1 L,27,93,32,21,0,0,0,0,0,Final,0,67,Ninguno
2026-08-29,Polos de limón Hacendado 10 ud,21,93,32,21,0,0,0,0,0,Final,0,67,Ninguno
2026-08-29,Sandía baja en semillas,46,93,32,21,0,0,0,0,0,Final,0,67,Ninguno
2026-08-29,Conos nata y chocolate Hacendado,34,93,32,21,0,0,0,0,0,Final,0,67,Ninguno
2026-08-29,Fresas 500 g,17,93,32,21,0,0,0,0,0,Final,0,67,Ninguno
2026-08-29,Cerveza Steinburg lata,102,93,32,21,0,0,0,0,0,Final,0,67,Ninguno
2026-08-29,Refresco de cola Hacendado 2 L,67,93,32,21,0,0,0,0,0,Final,0,67,Ninguno
2026-08-29,Hamburguesa de vacuno,43,93,32,21,0,0,0,0,0,Final,0,67,Ninguno
2026-08-29,Patatas fritas lisas Hacendado,58,93,32,21,0,0,0,0,0,Final,0,67,Ninguno
2026-08-29,Hummus clásico Hacendado,34,93,32,21,0,0,0,0,0,Final,0,67,Ninguno
2026-08-29,Salmón fresco en lomos 250 g,20,93,32,21,0,0,0,0,0,Final,0,67,Ninguno
2026-08-29,Aguacate malla 4 ud,14,93,32,21,0,0,0,0,0,Final,0,67,Ninguno
2026-08-29,Crema de pistacho Hacendado 200 g,10,93,32,21,0,0,0,0,0,Final,0,67,Ninguno
2026-08-29,Zumo de naranja exprimido 1 L,22,93,32,21,0,0,0,0,0,Final,0,67,Ninguno
2026-08-29,Kéfir natural Hacendado,30,93,32,21,0,0,0,0,0,Final,0,67,Ninguno
2026-08-29,Queso fresco batido 0 % Hacendado,38,93,32,21,0,0,0,0,0,Final,0,67,Ninguno
2026-08-29,Yogur griego Hacendado,62,93,32,21,0,0,0,0,0,Final,0,67,Ninguno
2026-08-29,Plátano de Canarias 1 kg,96,93,32,21,0,0,0,0,0,Final,0,67,Ninguno
2026-08-29,Naranja de mesa 2 kg,50,93,32,21,0,0,0,0,0,Final,0,67,Ninguno
2026-08-29,Lechuga iceberg,81,93,32,21,0,0,0,0,0,Final,0,67,Ninguno
"2026-08-30,""Agua mineral Bronchales 1,5 L"",413,0,37,23,0,0,84,0,0,Final,0,66,Ninguno"
2026-08-30,Leche entera Hacendado 1 L,354,0,37,23,0,0,84,0,0,Final,0,66,Ninguno
2026-08-30,Leche semidesnatada Hacendado 1 L,365,0,37,23,0,0,84,0,0,Final,0,66,Ninguno
2026-08-30,Yogur natural Hacendado,196,0,37,23,0,0,84,0,0,Final,0,66,Ninguno
2026-08-30,Huevos L docena,153,0,37,23,0,0,84,0,0,Final,0,66,Ninguno
2026-08-30,Barra de pan,486,0,37,23,0,0,84,0,0,Final,0,66,Ninguno
2026-08-30,Pechuga de pollo fileteada 500 g,119,0,37,23,0,0,84,0,0,Final,0,66,Ninguno
2026-08-30,Horchata Hacendado 1 L,106,0,37,23,0,0,84,0,0,Final,0,66,Ninguno
2026-08-30,Polos de limón Hacendado 10 ud,86,0,37,23,0,0,84,0,0,Final,0,66,Ninguno
2026-08-30,Sandía baja en semillas,182,0,37,23,0,0,84,0,0,Final,0,66,Ninguno
2026-08-30,Conos nata y chocolate Hacendado,129,0,37,23,0,0,84,0,0,Final,0,66,Ninguno
2026-08-30,Fresas 500 g,68,0,37,23,0,0,84,0,0,Final,0,66,Ninguno
2026-08-30,Cerveza Steinburg lata,107,0,37,23,0,0,84,0,0,Final,0,66,Ninguno
2026-08-30,Refresco de cola Hacendado 2 L,67,0,37,23,0,0,84,0,0,Final,0,66,Ninguno
2026-08-30,Hamburguesa de vacuno,41,0,37,23,0,0,84,0,0,Final,0,66,Ninguno
2026-08-30,Patatas fritas lisas Hacendado,59,0,37,23,0,0,84,0,0,Final,0,66,Ninguno
2026-08-30,Hummus clásico Hacendado,37,0,37,23,0,0,84,0,0,Final,0,66,Ninguno
2026-08-30,Salmón fresco en lomos 250 g,21,0,37,23,0,0,84,0,0,Final,0,66,Ninguno
2026-08-30,Aguacate malla 4 ud,14,0,37,23,0,0,84,0,0,Final,0,66,Ninguno
2026-08-30,Crema de pistacho Hacendado 200 g,10,0,37,23,0,0,84,0,0,Final,0,66,Ninguno
2026-08-30,Zumo de naranja exprimido 1 L,23,0,37,23,0,0,84,0,0,Final,0,66,Ninguno
2026-08-30,Kéfir natural Hacendado,31,0,37,23,0,0,84,0,0,Final,0,66,Ninguno
2026-08-30,Queso fresco batido 0 % Hacendado,38,0,37,23,0,0,84,0,0,Final,0,66,Ninguno
2026-08-30,Yogur griego Hacendado,59,0,37,23,0,0,84,0,0,Final,0,66,Ninguno
2026-08-30,Plátano de Canarias 1 kg,105,0,37,23,0,0,84,0,0,Final,0,66,Ninguno
2026-08-30,Naranja de mesa 2 kg,51,0,37,23,0,0,84,0,0,Final,0,66,Ninguno
2026-08-30,Lechuga iceberg,78,0,37,23,0,0,84,0,0,Final,0,66,Ninguno
"2026-09-01,""Agua mineral Bronchales 1,5 L"",484,0,20,14,0,0,0,0,0,Principio,97,65,Ninguno"
2026-09-01,Leche entera Hacendado 1 L,400,0,20,14,0,0,0,0,0,Principio,97,65,Ninguno
2026-09-01,Leche semidesnatada Hacendado 1 L,403,0,20,14,0,0,0,0,0,Principio,97,65,Ninguno
2026-09-01,Yogur natural Hacendado,234,0,20,14,0,0,0,0,0,Principio,97,65,Ninguno
2026-09-01,Huevos L docena,182,0,20,14,0,0,0,0,0,Principio,97,65,Ninguno
2026-09-01,Barra de pan,604,0,20,14,0,0,0,0,0,Principio,97,65,Ninguno
2026-09-01,Pechuga de pollo fileteada 500 g,147,0,20,14,0,0,0,0,0,Principio,97,65,Ninguno
2026-09-01,Horchata Hacendado 1 L,54,0,20,14,0,0,0,0,0,Principio,97,65,Ninguno
2026-09-01,Polos de limón Hacendado 10 ud,42,0,20,14,0,0,0,0,0,Principio,97,65,Ninguno
2026-09-01,Sandía baja en semillas,84,0,20,14,0,0,0,0,0,Principio,97,65,Ninguno
2026-09-01,Conos nata y chocolate Hacendado,62,0,20,14,0,0,0,0,0,Principio,97,65,Ninguno
2026-09-01,Fresas 500 g,33,0,20,14,0,0,0,0,0,Principio,97,65,Ninguno
2026-09-01,Cerveza Steinburg lata,231,0,20,14,0,0,0,0,0,Principio,97,65,Ninguno
2026-09-01,Refresco de cola Hacendado 2 L,145,0,20,14,0,0,0,0,0,Principio,97,65,Ninguno
2026-09-01,Hamburguesa de vacuno,89,0,20,14,0,0,0,0,0,Principio,97,65,Ninguno
2026-09-01,Patatas fritas lisas Hacendado,117,0,20,14,0,0,0,0,0,Principio,97,65,Ninguno
2026-09-01,Hummus clásico Hacendado,73,0,20,14,0,0,0,0,0,Principio,97,65,Ninguno
2026-09-01,Salmón fresco en lomos 250 g,57,0,20,14,0,0,0,0,0,Principio,97,65,Ninguno
2026-09-01,Aguacate malla 4 ud,40,0,20,14,0,0,0,0,0,Principio,97,65,Ninguno
2026-09-01,Crema de pistacho Hacendado 200 g,28,0,20,14,0,0,0,0,0,Principio,97,65,Ninguno
2026-09-01,Zumo de naranja exprimido 1 L,62,0,20,14,0,0,0,0,0,Principio,97,65,Ninguno
2026-09-01,Kéfir natural Hacendado,30,0,20,14,0,0,0,0,0,Principio,97,65,Ninguno
2026-09-01,Queso fresco batido 0 % Hacendado,39,0,20,14,0,0,0,0,0,Principio,97,65,Ninguno
2026-09-01,Yogur griego Hacendado,57,0,20,14,0,0,0,0,0,Principio,97,65,Ninguno
2026-09-01,Plátano de Canarias 1 kg,100,0,20,14,0,0,0,0,0,Principio,97,65,Ninguno
2026-09-01,Naranja de mesa 2 kg,48,0,20,14,0,0,0,0,0,Principio,97,65,Ninguno
2026-09-01,Lechuga iceberg,83,0,20,14,0,0,0,0,0,Principio,97,65,Ninguno
"2026-09-02,""Agua mineral Bronchales 1,5 L"",493,0,29,21,0,0,0,0,0,Principio,0,74,Ninguno"
2026-09-02,Leche entera Hacendado 1 L,440,0,29,21,0,0,0,0,0,Principio,0,74,Ninguno
2026-09-02,Leche semidesnatada Hacendado 1 L,435,0,29,21,0,0,0,0,0,Principio,0,74,Ninguno
2026-09-02,Yogur natural Hacendado,249,0,29,21,0,0,0,0,0,Principio,0,74,Ninguno
2026-09-02,Huevos L docena,178,0,29,21,0,0,0,0,0,Principio,0,74,Ninguno
2026-09-02,Barra de pan,597,0,29,21,0,0,0,0,0,Principio,0,74,Ninguno
2026-09-02,Pechuga de pollo fileteada 500 g,149,0,29,21,0,0,0,0,0,Principio,0,74,Ninguno
2026-09-02,Horchata Hacendado 1 L,55,0,29,21,0,0,0,0,0,Principio,0,74,Ninguno
2026-09-02,Polos de limón Hacendado 10 ud,45,0,29,21,0,0,0,0,0,Principio,0,74,Ninguno
2026-09-02,Sandía baja en semillas,93,0,29,21,0,0,0,0,0,Principio,0,74,Ninguno
2026-09-02,Conos nata y chocolate Hacendado,70,0,29,21,0,0,0,0,0,Principio,0,74,Ninguno
2026-09-02,Fresas 500 g,35,0,29,21,0,0,0,0,0,Principio,0,74,Ninguno
2026-09-02,Cerveza Steinburg lata,144,0,29,21,0,0,0,0,0,Principio,0,74,Ninguno
2026-09-02,Refresco de cola Hacendado 2 L,101,0,29,21,0,0,0,0,0,Principio,0,74,Ninguno
2026-09-02,Hamburguesa de vacuno,60,0,29,21,0,0,0,0,0,Principio,0,74,Ninguno
2026-09-02,Patatas fritas lisas Hacendado,78,0,29,21,0,0,0,0,0,Principio,0,74,Ninguno
2026-09-02,Hummus clásico Hacendado,50,0,29,21,0,0,0,0,0,Principio,0,74,Ninguno
2026-09-02,Salmón fresco en lomos 250 g,55,0,29,21,0,0,0,0,0,Principio,0,74,Ninguno
2026-09-02,Aguacate malla 4 ud,44,0,29,21,0,0,0,0,0,Principio,0,74,Ninguno
2026-09-02,Crema de pistacho Hacendado 200 g,29,0,29,21,0,0,0,0,0,Principio,0,74,Ninguno
2026-09-02,Zumo de naranja exprimido 1 L,61,0,29,21,0,0,0,0,0,Principio,0,74,Ninguno
2026-09-02,Kéfir natural Hacendado,29,0,29,21,0,0,0,0,0,Principio,0,74,Ninguno
2026-09-02,Queso fresco batido 0 % Hacendado,41,0,29,21,0,0,0,0,0,Principio,0,74,Ninguno
2026-09-02,Yogur griego Hacendado,57,0,29,21,0,0,0,0,0,Principio,0,74,Ninguno
2026-09-02,Plátano de Canarias 1 kg,103,0,29,21,0,0,0,0,0,Principio,0,74,Ninguno
2026-09-02,Naranja de mesa 2 kg,52,0,29,21,0,0,0,0,0,Principio,0,74,Ninguno
2026-09-02,Lechuga iceberg,79,0,29,21,0,0,0,0,0,Principio,0,74,Ninguno
"2026-09-03,""Agua mineral Bronchales 1,5 L"",463,0,38,20,0,0,83,0,0,Principio,0,89,Ninguno"
2026-09-03,Leche entera Hacendado 1 L,405,0,38,20,0,0,83,0,0,Principio,0,89,Ninguno
2026-09-03,Leche semidesnatada Hacendado 1 L,430,0,38,20,0,0,83,0,0,Principio,0,89,Ninguno
2026-09-03,Yogur natural Hacendado,241,0,38,20,0,0,83,0,0,Principio,0,89,Ninguno
2026-09-03,Huevos L docena,184,0,38,20,0,0,83,0,0,Principio,0,89,Ninguno
2026-09-03,Barra de pan,596,0,38,20,0,0,83,0,0,Principio,0,89,Ninguno
2026-09-03,Pechuga de pollo fileteada 500 g,145,0,38,20,0,0,83,0,0,Principio,0,89,Ninguno
2026-09-03,Horchata Hacendado 1 L,140,0,38,20,0,0,83,0,0,Principio,0,89,Ninguno
2026-09-03,Polos de limón Hacendado 10 ud,119,0,38,20,0,0,83,0,0,Principio,0,89,Ninguno
2026-09-03,Sandía baja en semillas,219,0,38,20,0,0,83,0,0,Principio,0,89,Ninguno
2026-09-03,Conos nata y chocolate Hacendado,170,0,38,20,0,0,83,0,0,Principio,0,89,Ninguno
2026-09-03,Fresas 500 g,87,0,38,20,0,0,83,0,0,Principio,0,89,Ninguno
2026-09-03,Cerveza Steinburg lata,155,0,38,20,0,0,83,0,0,Principio,0,89,Ninguno
2026-09-03,Refresco de cola Hacendado 2 L,97,0,38,20,0,0,83,0,0,Principio,0,89,Ninguno
2026-09-03,Hamburguesa de vacuno,58,0,38,20,0,0,83,0,0,Principio,0,89,Ninguno
2026-09-03,Patatas fritas lisas Hacendado,81,0,38,20,0,0,83,0,0,Principio,0,89,Ninguno
2026-09-03,Hummus clásico Hacendado,50,0,38,20,0,0,83,0,0,Principio,0,89,Ninguno
2026-09-03,Salmón fresco en lomos 250 g,55,0,38,20,0,0,83,0,0,Principio,0,89,Ninguno
2026-09-03,Aguacate malla 4 ud,42,0,38,20,0,0,83,0,0,Principio,0,89,Ninguno
2026-09-03,Crema de pistacho Hacendado 200 g,28,0,38,20,0,0,83,0,0,Principio,0,89,Ninguno
2026-09-03,Zumo de naranja exprimido 1 L,61,0,38,20,0,0,83,0,0,Principio,0,89,Ninguno
2026-09-03,Kéfir natural Hacendado,30,0,38,20,0,0,83,0,0,Principio,0,89,Ninguno
2026-09-03,Queso fresco batido 0 % Hacendado,42,0,38,20,0,0,83,0,0,Principio,0,89,Ninguno
2026-09-03,Yogur griego Hacendado,61,0,38,20,0,0,83,0,0,Principio,0,89,Ninguno
2026-09-03,Plátano de Canarias 1 kg,96,0,38,20,0,0,83,0,0,Principio,0,89,Ninguno
2026-09-03,Naranja de mesa 2 kg,52,0,38,20,0,0,83,0,0,Principio,0,89,Ninguno
2026-09-03,Lechuga iceberg,82,0,38,20,0,0,83,0,0,Principio,0,89,Ninguno
"2026-09-04,""Agua mineral Bronchales 1,5 L"",503,0,30,13,0,0,0,0,0,Principio,0,76,Ninguno"
2026-09-04,Leche entera Hacendado 1 L,431,0,30,13,0,0,0,0,0,Principio,0,76,Ninguno
2026-09-04,Leche semidesnatada Hacendado 1 L,420,0,30,13,0,0,0,0,0,Principio,0,76,Ninguno
2026-09-04,Yogur natural Hacendado,231,0,30,13,0,0,0,0,0,Principio,0,76,Ninguno
2026-09-04,Huevos L docena,182,0,30,13,0,0,0,0,0,Principio,0,76,Ninguno
2026-09-04,Barra de pan,621,0,30,13,0,0,0,0,0,Principio,0,76,Ninguno
2026-09-04,Pechuga de pollo fileteada 500 g,144,0,30,13,0,0,0,0,0,Principio,0,76,Ninguno
2026-09-04,Horchata Hacendado 1 L,56,0,30,13,0,0,0,0,0,Principio,0,76,Ninguno
2026-09-04,Polos de limón Hacendado 10 ud,46,0,30,13,0,0,0,0,0,Principio,0,76,Ninguno
2026-09-04,Sandía baja en semillas,90,0,30,13,0,0,0,0,0,Principio,0,76,Ninguno
2026-09-04,Conos nata y chocolate Hacendado,73,0,30,13,0,0,0,0,0,Principio,0,76,Ninguno
2026-09-04,Fresas 500 g,36,0,30,13,0,0,0,0,0,Principio,0,76,Ninguno
2026-09-04,Cerveza Steinburg lata,156,0,30,13,0,0,0,0,0,Principio,0,76,Ninguno
2026-09-04,Refresco de cola Hacendado 2 L,101,0,30,13,0,0,0,0,0,Principio,0,76,Ninguno
2026-09-04,Hamburguesa de vacuno,60,0,30,13,0,0,0,0,0,Principio,0,76,Ninguno
2026-09-04,Patatas fritas lisas Hacendado,77,0,30,13,0,0,0,0,0,Principio,0,76,Ninguno
2026-09-04,Hummus clásico Hacendado,49,0,30,13,0,0,0,0,0,Principio,0,76,Ninguno
2026-09-04,Salmón fresco en lomos 250 g,59,0,30,13,0,0,0,0,0,Principio,0,76,Ninguno
2026-09-04,Aguacate malla 4 ud,43,0,30,13,0,0,0,0,0,Principio,0,76,Ninguno
2026-09-04,Crema de pistacho Hacendado 200 g,27,0,30,13,0,0,0,0,0,Principio,0,76,Ninguno
2026-09-04,Zumo de naranja exprimido 1 L,61,0,30,13,0,0,0,0,0,Principio,0,76,Ninguno
2026-09-04,Kéfir natural Hacendado,30,0,30,13,0,0,0,0,0,Principio,0,76,Ninguno
2026-09-04,Queso fresco batido 0 % Hacendado,38,0,30,13,0,0,0,0,0,Principio,0,76,Ninguno
2026-09-04,Yogur griego Hacendado,61,0,30,13,0,0,0,0,0,Principio,0,76,Ninguno
2026-09-04,Plátano de Canarias 1 kg,103,0,30,13,0,0,0,0,0,Principio,0,76,Ninguno
2026-09-04,Naranja de mesa 2 kg,52,0,30,13,0,0,0,0,0,Principio,0,76,Ninguno
2026-09-04,Lechuga iceberg,80,0,30,13,0,0,0,0,0,Principio,0,76,Ninguno
"2026-09-05,""Agua mineral Bronchales 1,5 L"",501,0,35,15,0,0,0,0,0,Principio,0,73,Queso fresco batido 0 % Hacendado"
2026-09-05,Leche entera Hacendado 1 L,431,0,35,15,0,0,0,0,0,Principio,0,73,Queso fresco batido 0 % Hacendado
2026-09-05,Leche semidesnatada Hacendado 1 L,428,0,35,15,0,0,0,0,0,Principio,0,73,Queso fresco batido 0 % Hacendado
2026-09-05,Yogur natural Hacendado,245,0,35,15,0,0,0,0,0,Principio,0,73,Queso fresco batido 0 % Hacendado
2026-09-05,Huevos L docena,178,0,35,15,0,0,0,0,0,Principio,0,73,Queso fresco batido 0 % Hacendado
2026-09-05,Barra de pan,610,0,35,15,0,0,0,0,0,Principio,0,73,Queso fresco batido 0 % Hacendado
2026-09-05,Pechuga de pollo fileteada 500 g,142,0,35,15,0,0,0,0,0,Principio,0,73,Queso fresco batido 0 % Hacendado
2026-09-05,Horchata Hacendado 1 L,103,0,35,15,0,0,0,0,0,Principio,0,73,Queso fresco batido 0 % Hacendado
2026-09-05,Polos de limón Hacendado 10 ud,79,0,35,15,0,0,0,0,0,Principio,0,73,Queso fresco batido 0 % Hacendado
2026-09-05,Sandía baja en semillas,154,0,35,15,0,0,0,0,0,Principio,0,73,Queso fresco batido 0 % Hacendado
2026-09-05,Conos nata y chocolate Hacendado,113,0,35,15,0,0,0,0,0,Principio,0,73,Queso fresco batido 0 % Hacendado
2026-09-05,Fresas 500 g,56,0,35,15,0,0,0,0,0,Principio,0,73,Queso fresco batido 0 % Hacendado
2026-09-05,Cerveza Steinburg lata,151,0,35,15,0,0,0,0,0,Principio,0,73,Queso fresco batido 0 % Hacendado
2026-09-05,Refresco de cola Hacendado 2 L,101,0,35,15,0,0,0,0,0,Principio,0,73,Queso fresco batido 0 % Hacendado
2026-09-05,Hamburguesa de vacuno,57,0,35,15,0,0,0,0,0,Principio,0,73,Queso fresco batido 0 % Hacendado
2026-09-05,Patatas fritas lisas Hacendado,82,0,35,15,0,0,0,0,0,Principio,0,73,Queso fresco batido 0 % Hacendado
2026-09-05,Hummus clásico Hacendado,48,0,35,15,0,0,0,0,0,Principio,0,73,Queso fresco batido 0 % Hacendado
2026-09-05,Salmón fresco en lomos 250 g,54,0,35,15,0,0,0,0,0,Principio,0,73,Queso fresco batido 0 % Hacendado
2026-09-05,Aguacate malla 4 ud,40,0,35,15,0,0,0,0,0,Principio,0,73,Queso fresco batido 0 % Hacendado
2026-09-05,Crema de pistacho Hacendado 200 g,28,0,35,15,0,0,0,0,0,Principio,0,73,Queso fresco batido 0 % Hacendado
2026-09-05,Zumo de naranja exprimido 1 L,63,0,35,15,0,0,0,0,0,Principio,0,73,Queso fresco batido 0 % Hacendado
2026-09-05,Kéfir natural Hacendado,29,0,35,15,0,0,0,0,0,Principio,0,73,Queso fresco batido 0 % Hacendado
2026-09-05,Queso fresco batido 0 % Hacendado,240,0,35,15,0,0,0,0,0,Principio,0,73,Queso fresco batido 0 % Hacendado
2026-09-05,Yogur griego Hacendado,60,0,35,15,0,0,0,0,0,Principio,0,73,Queso fresco batido 0 % Hacendado
2026-09-05,Plátano de Canarias 1 kg,102,0,35,15,0,0,0,0,0,Principio,0,73,Queso fresco batido 0 % Hacendado
2026-09-05,Naranja de mesa 2 kg,52,0,35,15,0,0,0,0,0,Principio,0,73,Queso fresco batido 0 % Hacendado
2026-09-05,Lechuga iceberg,81,0,35,15,0,0,0,0,0,Principio,0,73,Queso fresco batido 0 % Hacendado
"2026-09-06,""Agua mineral Bronchales 1,5 L"",476,0,35,23,0,0,0,0,0,Principio,0,87,Queso fresco batido 0 % Hacendado"
2026-09-06,Leche entera Hacendado 1 L,435,0,35,23,0,0,0,0,0,Principio,0,87,Queso fresco batido 0 % Hacendado
2026-09-06,Leche semidesnatada Hacendado 1 L,401,0,35,23,0,0,0,0,0,Principio,0,87,Queso fresco batido 0 % Hacendado
2026-09-06,Yogur natural Hacendado,244,0,35,23,0,0,0,0,0,Principio,0,87,Queso fresco batido 0 % Hacendado
2026-09-06,Huevos L docena,183,0,35,23,0,0,0,0,0,Principio,0,87,Queso fresco batido 0 % Hacendado
2026-09-06,Barra de pan,574,0,35,23,0,0,0,0,0,Principio,0,87,Queso fresco batido 0 % Hacendado
2026-09-06,Pechuga de pollo fileteada 500 g,147,0,35,23,0,0,0,0,0,Principio,0,87,Queso fresco batido 0 % Hacendado
2026-09-06,Horchata Hacendado 1 L,114,0,35,23,0,0,0,0,0,Principio,0,87,Queso fresco batido 0 % Hacendado
2026-09-06,Polos de limón Hacendado 10 ud,85,0,35,23,0,0,0,0,0,Principio,0,87,Queso fresco batido 0 % Hacendado
2026-09-06,Sandía baja en semillas,172,0,35,23,0,0,0,0,0,Principio,0,87,Queso fresco batido 0 % Hacendado
2026-09-06,Conos nata y chocolate Hacendado,134,0,35,23,0,0,0,0,0,Principio,0,87,Queso fresco batido 0 % Hacendado
2026-09-06,Fresas 500 g,64,0,35,23,0,0,0,0,0,Principio,0,87,Queso fresco batido 0 % Hacendado
2026-09-06,Cerveza Steinburg lata,145,0,35,23,0,0,0,0,0,Principio,0,87,Queso fresco batido 0 % Hacendado
2026-09-06,Refresco de cola Hacendado 2 L,100,0,35,23,0,0,0,0,0,Principio,0,87,Queso fresco batido 0 % Hacendado
2026-09-06,Hamburguesa de vacuno,62,0,35,23,0,0,0,0,0,Principio,0,87,Queso fresco batido 0 % Hacendado
2026-09-06,Patatas fritas lisas Hacendado,77,0,35,23,0,0,0,0,0,Principio,0,87,Queso fresco batido 0 % Hacendado
2026-09-06,Hummus clásico Hacendado,52,0,35,23,0,0,0,0,0,Principio,0,87,Queso fresco batido 0 % Hacendado
2026-09-06,Salmón fresco en lomos 250 g,58,0,35,23,0,0,0,0,0,Principio,0,87,Queso fresco batido 0 % Hacendado
2026-09-06,Aguacate malla 4 ud,40,0,35,23,0,0,0,0,0,Principio,0,87,Queso fresco batido 0 % Hacendado
2026-09-06,Crema de pistacho Hacendado 200 g,28,0,35,23,0,0,0,0,0,Principio,0,87,Queso fresco batido 0 % Hacendado
2026-09-06,Zumo de naranja exprimido 1 L,63,0,35,23,0,0,0,0,0,Principio,0,87,Queso fresco batido 0 % Hacendado
2026-09-06,Kéfir natural Hacendado,29,0,35,23,0,0,0,0,0,Principio,0,87,Queso fresco batido 0 % Hacendado
2026-09-06,Queso fresco batido 0 % Hacendado,230,0,35,23,0,0,0,0,0,Principio,0,87,Queso fresco batido 0 % Hacendado
2026-09-06,Yogur griego Hacendado,62,0,35,23,0,0,0,0,0,Principio,0,87,Queso fresco batido 0 % Hacendado
2026-09-06,Plátano de Canarias 1 kg,97,0,35,23,0,0,0,0,0,Principio,0,87,Queso fresco batido 0 % Hacendado
2026-09-06,Naranja de mesa 2 kg,50,0,35,23,0,0,0,0,0,Principio,0,87,Queso fresco batido 0 % Hacendado
2026-09-06,Lechuga iceberg,80,0,35,23,0,0,0,0,0,Principio,0,87,Queso fresco batido 0 % Hacendado
"2026-09-07,""Agua mineral Bronchales 1,5 L"",476,8,25,16,0,0,59,0,0,Principio,0,78,Queso fresco batido 0 % Hacendado"
2026-09-07,Leche entera Hacendado 1 L,439,8,25,16,0,0,59,0,0,Principio,0,78,Queso fresco batido 0 % Hacendado
2026-09-07,Leche semidesnatada Hacendado 1 L,441,8,25,16,0,0,59,0,0,Principio,0,78,Queso fresco batido 0 % Hacendado
2026-09-07,Yogur natural Hacendado,241,8,25,16,0,0,59,0,0,Principio,0,78,Queso fresco batido 0 % Hacendado
2026-09-07,Huevos L docena,184,8,25,16,0,0,59,0,0,Principio,0,78,Queso fresco batido 0 % Hacendado
2026-09-07,Barra de pan,579,8,25,16,0,0,59,0,0,Principio,0,78,Queso fresco batido 0 % Hacendado
2026-09-07,Pechuga de pollo fileteada 500 g,141,8,25,16,0,0,59,0,0,Principio,0,78,Queso fresco batido 0 % Hacendado
2026-09-07,Horchata Hacendado 1 L,62,8,25,16,0,0,59,0,0,Principio,0,78,Queso fresco batido 0 % Hacendado
2026-09-07,Polos de limón Hacendado 10 ud,48,8,25,16,0,0,59,0,0,Principio,0,78,Queso fresco batido 0 % Hacendado
2026-09-07,Sandía baja en semillas,95,8,25,16,0,0,59,0,0,Principio,0,78,Queso fresco batido 0 % Hacendado
2026-09-07,Conos nata y chocolate Hacendado,73,8,25,16,0,0,59,0,0,Principio,0,78,Queso fresco batido 0 % Hacendado
2026-09-07,Fresas 500 g,34,8,25,16,0,0,59,0,0,Principio,0,78,Queso fresco batido 0 % Hacendado
2026-09-07,Cerveza Steinburg lata,151,8,25,16,0,0,59,0,0,Principio,0,78,Queso fresco batido 0 % Hacendado
2026-09-07,Refresco de cola Hacendado 2 L,100,8,25,16,0,0,59,0,0,Principio,0,78,Queso fresco batido 0 % Hacendado
2026-09-07,Hamburguesa de vacuno,62,8,25,16,0,0,59,0,0,Principio,0,78,Queso fresco batido 0 % Hacendado
2026-09-07,Patatas fritas lisas Hacendado,77,8,25,16,0,0,59,0,0,Principio,0,78,Queso fresco batido 0 % Hacendado
2026-09-07,Hummus clásico Hacendado,52,8,25,16,0,0,59,0,0,Principio,0,78,Queso fresco batido 0 % Hacendado
2026-09-07,Salmón fresco en lomos 250 g,54,8,25,16,0,0,59,0,0,Principio,0,78,Queso fresco batido 0 % Hacendado
2026-09-07,Aguacate malla 4 ud,41,8,25,16,0,0,59,0,0,Principio,0,78,Queso fresco batido 0 % Hacendado
2026-09-07,Crema de pistacho Hacendado 200 g,28,8,25,16,0,0,59,0,0,Principio,0,78,Queso fresco batido 0 % Hacendado
2026-09-07,Zumo de naranja exprimido 1 L,64,8,25,16,0,0,59,0,0,Principio,0,78,Queso fresco batido 0 % Hacendado
2026-09-07,Kéfir natural Hacendado,29,8,25,16,0,0,59,0,0,Principio,0,78,Queso fresco batido 0 % Hacendado
2026-09-07,Queso fresco batido 0 % Hacendado,231,8,25,16,0,0,59,0,0,Principio,0,78,Queso fresco batido 0 % Hacendado
2026-09-07,Yogur griego Hacendado,62,8,25,16,0,0,59,0,0,Principio,0,78,Queso fresco batido 0 % Hacendado
2026-09-07,Plátano de Canarias 1 kg,97,8,25,16,0,0,59,0,0,Principio,0,78,Queso fresco batido 0 % Hacendado
2026-09-07,Naranja de mesa 2 kg,50,8,25,16,0,0,59,0,0,Principio,0,78,Queso fresco batido 0 % Hacendado
2026-09-07,Lechuga iceberg,81,8,25,16,0,0,59,0,0,Principio,0,78,Queso fresco batido 0 % Hacendado
"2026-09-08,""Agua mineral Bronchales 1,5 L"",475,0,38,20,27,0,0,0,0,Principio,0,76,Ninguno"
2026-09-08,Leche entera Hacendado 1 L,427,0,38,20,27,0,0,0,0,Principio,0,76,Ninguno
2026-09-08,Leche semidesnatada Hacendado 1 L,412,0,38,20,27,0,0,0,0,Principio,0,76,Ninguno
2026-09-08,Yogur natural Hacendado,236,0,38,20,27,0,0,0,0,Principio,0,76,Ninguno
2026-09-08,Huevos L docena,185,0,38,20,27,0,0,0,0,Principio,0,76,Ninguno
2026-09-08,Barra de pan,574,0,38,20,27,0,0,0,0,Principio,0,76,Ninguno
2026-09-08,Pechuga de pollo fileteada 500 g,143,0,38,20,27,0,0,0,0,Principio,0,76,Ninguno
2026-09-08,Horchata Hacendado 1 L,134,0,38,20,27,0,0,0,0,Principio,0,76,Ninguno
2026-09-08,Polos de limón Hacendado 10 ud,107,0,38,20,27,0,0,0,0,Principio,0,76,Ninguno
2026-09-08,Sandía baja en semillas,195,0,38,20,27,0,0,0,0,Principio,0,76,Ninguno
2026-09-08,Conos nata y chocolate Hacendado,149,0,38,20,27,0,0,0,0,Principio,0,76,Ninguno
2026-09-08,Fresas 500 g,75,0,38,20,27,0,0,0,0,Principio,0,76,Ninguno
2026-09-08,Cerveza Steinburg lata,156,0,38,20,27,0,0,0,0,Principio,0,76,Ninguno
2026-09-08,Refresco de cola Hacendado 2 L,104,0,38,20,27,0,0,0,0,Principio,0,76,Ninguno
2026-09-08,Hamburguesa de vacuno,62,0,38,20,27,0,0,0,0,Principio,0,76,Ninguno
2026-09-08,Patatas fritas lisas Hacendado,79,0,38,20,27,0,0,0,0,Principio,0,76,Ninguno
2026-09-08,Hummus clásico Hacendado,48,0,38,20,27,0,0,0,0,Principio,0,76,Ninguno
2026-09-08,Salmón fresco en lomos 250 g,58,0,38,20,27,0,0,0,0,Principio,0,76,Ninguno
2026-09-08,Aguacate malla 4 ud,43,0,38,20,27,0,0,0,0,Principio,0,76,Ninguno
2026-09-08,Crema de pistacho Hacendado 200 g,28,0,38,20,27,0,0,0,0,Principio,0,76,Ninguno
2026-09-08,Zumo de naranja exprimido 1 L,66,0,38,20,27,0,0,0,0,Principio,0,76,Ninguno
2026-09-08,Kéfir natural Hacendado,30,0,38,20,27,0,0,0,0,Principio,0,76,Ninguno
2026-09-08,Queso fresco batido 0 % Hacendado,38,0,38,20,27,0,0,0,0,Principio,0,76,Ninguno
2026-09-08,Yogur griego Hacendado,62,0,38,20,27,0,0,0,0,Principio,0,76,Ninguno
2026-09-08,Plátano de Canarias 1 kg,98,0,38,20,27,0,0,0,0,Principio,0,76,Ninguno
2026-09-08,Naranja de mesa 2 kg,51,0,38,20,27,0,0,0,0,Principio,0,76,Ninguno
2026-09-08,Lechuga iceberg,84,0,38,20,27,0,0,0,0,Principio,0,76,Ninguno
"2026-09-09,""Agua mineral Bronchales 1,5 L"",490,0,23,11,0,0,0,0,0,Principio,0,73,Ninguno"
2026-09-09,Leche entera Hacendado 1 L,408,0,23,11,0,0,0,0,0,Principio,0,73,Ninguno
2026-09-09,Leche semidesnatada Hacendado 1 L,426,0,23,11,0,0,0,0,0,Principio,0,73,Ninguno
2026-09-09,Yogur natural Hacendado,234,0,23,11,0,0,0,0,0,Principio,0,73,Ninguno
2026-09-09,Huevos L docena,180,0,23,11,0,0,0,0,0,Principio,0,73,Ninguno
2026-09-09,Barra de pan,624,0,23,11,0,0,0,0,0,Principio,0,73,Ninguno
2026-09-09,Pechuga de pollo fileteada 500 g,149,0,23,11,0,0,0,0,0,Principio,0,73,Ninguno
2026-09-09,Horchata Hacendado 1 L,54,0,23,11,0,0,0,0,0,Principio,0,73,Ninguno
2026-09-09,Polos de limón Hacendado 10 ud,45,0,23,11,0,0,0,0,0,Principio,0,73,Ninguno
2026-09-09,Sandía baja en semillas,88,0,23,11,0,0,0,0,0,Principio,0,73,Ninguno
2026-09-09,Conos nata y chocolate Hacendado,64,0,23,11,0,0,0,0,0,Principio,0,73,Ninguno
2026-09-09,Fresas 500 g,35,0,23,11,0,0,0,0,0,Principio,0,73,Ninguno
2026-09-09,Cerveza Steinburg lata,152,0,23,11,0,0,0,0,0,Principio,0,73,Ninguno
2026-09-09,Refresco de cola Hacendado 2 L,98,0,23,11,0,0,0,0,0,Principio,0,73,Ninguno
2026-09-09,Hamburguesa de vacuno,61,0,23,11,0,0,0,0,0,Principio,0,73,Ninguno
2026-09-09,Patatas fritas lisas Hacendado,80,0,23,11,0,0,0,0,0,Principio,0,73,Ninguno
2026-09-09,Hummus clásico Hacendado,50,0,23,11,0,0,0,0,0,Principio,0,73,Ninguno
2026-09-09,Salmón fresco en lomos 250 g,53,0,23,11,0,0,0,0,0,Principio,0,73,Ninguno
2026-09-09,Aguacate malla 4 ud,40,0,23,11,0,0,0,0,0,Principio,0,73,Ninguno
2026-09-09,Crema de pistacho Hacendado 200 g,29,0,23,11,0,0,0,0,0,Principio,0,73,Ninguno
2026-09-09,Zumo de naranja exprimido 1 L,66,0,23,11,0,0,0,0,0,Principio,0,73,Ninguno
2026-09-09,Kéfir natural Hacendado,30,0,23,11,0,0,0,0,0,Principio,0,73,Ninguno
2026-09-09,Queso fresco batido 0 % Hacendado,41,0,23,11,0,0,0,0,0,Principio,0,73,Ninguno
2026-09-09,Yogur griego Hacendado,60,0,23,11,0,0,0,0,0,Principio,0,73,Ninguno
2026-09-09,Plátano de Canarias 1 kg,96,0,23,11,0,0,0,0,0,Principio,0,73,Ninguno
2026-09-09,Naranja de mesa 2 kg,48,0,23,11,0,0,0,0,0,Principio,0,73,Ninguno
2026-09-09,Lechuga iceberg,78,0,23,11,0,0,0,0,0,Principio,0,73,Ninguno
"2026-09-10,""Agua mineral Bronchales 1,5 L"",498,6,31,16,0,0,0,0,0,Principio,0,95,Ninguno"
2026-09-10,Leche entera Hacendado 1 L,416,6,31,16,0,0,0,0,0,Principio,0,95,Ninguno
2026-09-10,Leche semidesnatada Hacendado 1 L,425,6,31,16,0,0,0,0,0,Principio,0,95,Ninguno
2026-09-10,Yogur natural Hacendado,232,6,31,16,0,0,0,0,0,Principio,0,95,Ninguno
2026-09-10,Huevos L docena,188,6,31,16,0,0,0,0,0,Principio,0,95,Ninguno
2026-09-10,Barra de pan,622,6,31,16,0,0,0,0,0,Principio,0,95,Ninguno
2026-09-10,Pechuga de pollo fileteada 500 g,151,6,31,16,0,0,0,0,0,Principio,0,95,Ninguno
2026-09-10,Horchata Hacendado 1 L,80,6,31,16,0,0,0,0,0,Principio,0,95,Ninguno
2026-09-10,Polos de limón Hacendado 10 ud,64,6,31,16,0,0,0,0,0,Principio,0,95,Ninguno
2026-09-10,Sandía baja en semillas,118,6,31,16,0,0,0,0,0,Principio,0,95,Ninguno
2026-09-10,Conos nata y chocolate Hacendado,95,6,31,16,0,0,0,0,0,Principio,0,95,Ninguno
2026-09-10,Fresas 500 g,46,6,31,16,0,0,0,0,0,Principio,0,95,Ninguno
2026-09-10,Cerveza Steinburg lata,156,6,31,16,0,0,0,0,0,Principio,0,95,Ninguno
2026-09-10,Refresco de cola Hacendado 2 L,103,6,31,16,0,0,0,0,0,Principio,0,95,Ninguno
2026-09-10,Hamburguesa de vacuno,62,6,31,16,0,0,0,0,0,Principio,0,95,Ninguno
2026-09-10,Patatas fritas lisas Hacendado,82,6,31,16,0,0,0,0,0,Principio,0,95,Ninguno
2026-09-10,Hummus clásico Hacendado,49,6,31,16,0,0,0,0,0,Principio,0,95,Ninguno
2026-09-10,Salmón fresco en lomos 250 g,58,6,31,16,0,0,0,0,0,Principio,0,95,Ninguno
2026-09-10,Aguacate malla 4 ud,40,6,31,16,0,0,0,0,0,Principio,0,95,Ninguno
2026-09-10,Crema de pistacho Hacendado 200 g,29,6,31,16,0,0,0,0,0,Principio,0,95,Ninguno
2026-09-10,Zumo de naranja exprimido 1 L,65,6,31,16,0,0,0,0,0,Principio,0,95,Ninguno
2026-09-10,Kéfir natural Hacendado,29,6,31,16,0,0,0,0,0,Principio,0,95,Ninguno
2026-09-10,Queso fresco batido 0 % Hacendado,41,6,31,16,0,0,0,0,0,Principio,0,95,Ninguno
2026-09-10,Yogur griego Hacendado,60,6,31,16,0,0,0,0,0,Principio,0,95,Ninguno
2026-09-10,Plátano de Canarias 1 kg,98,6,31,16,0,0,0,0,0,Principio,0,95,Ninguno
2026-09-10,Naranja de mesa 2 kg,51,6,31,16,0,0,0,0,0,Principio,0,95,Ninguno
2026-09-10,Lechuga iceberg,78,6,31,16,0,0,0,0,0,Principio,0,95,Ninguno
"2026-09-11,""Agua mineral Bronchales 1,5 L"",406,0,26,22,0,0,36,0,0,Mediados,0,82,Ninguno"
2026-09-11,Leche entera Hacendado 1 L,346,0,26,22,0,0,36,0,0,Mediados,0,82,Ninguno
2026-09-11,Leche semidesnatada Hacendado 1 L,367,0,26,22,0,0,36,0,0,Mediados,0,82,Ninguno
2026-09-11,Yogur natural Hacendado,201,0,26,22,0,0,36,0,0,Mediados,0,82,Ninguno
2026-09-11,Huevos L docena,157,0,26,22,0,0,36,0,0,Mediados,0,82,Ninguno
2026-09-11,Barra de pan,481,0,26,22,0,0,36,0,0,Mediados,0,82,Ninguno
2026-09-11,Pechuga de pollo fileteada 500 g,126,0,26,22,0,0,36,0,0,Mediados,0,82,Ninguno
2026-09-11,Horchata Hacendado 1 L,59,0,26,22,0,0,36,0,0,Mediados,0,82,Ninguno
2026-09-11,Polos de limón Hacendado 10 ud,51,0,26,22,0,0,36,0,0,Mediados,0,82,Ninguno
2026-09-11,Sandía baja en semillas,95,0,26,22,0,0,36,0,0,Mediados,0,82,Ninguno
2026-09-11,Conos nata y chocolate Hacendado,70,0,26,22,0,0,36,0,0,Mediados,0,82,Ninguno
2026-09-11,Fresas 500 g,36,0,26,22,0,0,36,0,0,Mediados,0,82,Ninguno
2026-09-11,Cerveza Steinburg lata,153,0,26,22,0,0,36,0,0,Mediados,0,82,Ninguno
2026-09-11,Refresco de cola Hacendado 2 L,98,0,26,22,0,0,36,0,0,Mediados,0,82,Ninguno
2026-09-11,Hamburguesa de vacuno,61,0,26,22,0,0,36,0,0,Mediados,0,82,Ninguno
2026-09-11,Patatas fritas lisas Hacendado,80,0,26,22,0,0,36,0,0,Mediados,0,82,Ninguno
2026-09-11,Hummus clásico Hacendado,49,0,26,22,0,0,36,0,0,Mediados,0,82,Ninguno
2026-09-11,Salmón fresco en lomos 250 g,40,0,26,22,0,0,36,0,0,Mediados,0,82,Ninguno
2026-09-11,Aguacate malla 4 ud,29,0,26,22,0,0,36,0,0,Mediados,0,82,Ninguno
2026-09-11,Crema de pistacho Hacendado 200 g,20,0,26,22,0,0,36,0,0,Mediados,0,82,Ninguno
2026-09-11,Zumo de naranja exprimido 1 L,43,0,26,22,0,0,36,0,0,Mediados,0,82,Ninguno
2026-09-11,Kéfir natural Hacendado,31,0,26,22,0,0,36,0,0,Mediados,0,82,Ninguno
2026-09-11,Queso fresco batido 0 % Hacendado,40,0,26,22,0,0,36,0,0,Mediados,0,82,Ninguno
2026-09-11,Yogur griego Hacendado,61,0,26,22,0,0,36,0,0,Mediados,0,82,Ninguno
2026-09-11,Plátano de Canarias 1 kg,102,0,26,22,0,0,36,0,0,Mediados,0,82,Ninguno
2026-09-11,Naranja de mesa 2 kg,51,0,26,22,0,0,36,0,0,Mediados,0,82,Ninguno
2026-09-11,Lechuga iceberg,79,0,26,22,0,0,36,0,0,Mediados,0,82,Ninguno
"2026-09-12,""Agua mineral Bronchales 1,5 L"",407,0,30,20,0,0,65,0,0,Mediados,0,79,Ninguno"
2026-09-12,Leche entera Hacendado 1 L,344,0,30,20,0,0,65,0,0,Mediados,0,79,Ninguno
2026-09-12,Leche semidesnatada Hacendado 1 L,357,0,30,20,0,0,65,0,0,Mediados,0,79,Ninguno
2026-09-12,Yogur natural Hacendado,201,0,30,20,0,0,65,0,0,Mediados,0,79,Ninguno
2026-09-12,Huevos L docena,145,0,30,20,0,0,65,0,0,Mediados,0,79,Ninguno
2026-09-12,Barra de pan,508,0,30,20,0,0,65,0,0,Mediados,0,79,Ninguno
2026-09-12,Pechuga de pollo fileteada 500 g,119,0,30,20,0,0,65,0,0,Mediados,0,79,Ninguno
2026-09-12,Horchata Hacendado 1 L,61,0,30,20,0,0,65,0,0,Mediados,0,79,Ninguno
2026-09-12,Polos de limón Hacendado 10 ud,46,0,30,20,0,0,65,0,0,Mediados,0,79,Ninguno
2026-09-12,Sandía baja en semillas,96,0,30,20,0,0,65,0,0,Mediados,0,79,Ninguno
2026-09-12,Conos nata y chocolate Hacendado,71,0,30,20,0,0,65,0,0,Mediados,0,79,Ninguno
2026-09-12,Fresas 500 g,37,0,30,20,0,0,65,0,0,Mediados,0,79,Ninguno
2026-09-12,Cerveza Steinburg lata,147,0,30,20,0,0,65,0,0,Mediados,0,79,Ninguno
2026-09-12,Refresco de cola Hacendado 2 L,97,0,30,20,0,0,65,0,0,Mediados,0,79,Ninguno
2026-09-12,Hamburguesa de vacuno,62,0,30,20,0,0,65,0,0,Mediados,0,79,Ninguno
2026-09-12,Patatas fritas lisas Hacendado,81,0,30,20,0,0,65,0,0,Mediados,0,79,Ninguno
2026-09-12,Hummus clásico Hacendado,49,0,30,20,0,0,65,0,0,Mediados,0,79,Ninguno
2026-09-12,Salmón fresco en lomos 250 g,40,0,30,20,0,0,65,0,0,Mediados,0,79,Ninguno
2026-09-12,Aguacate malla 4 ud,31,0,30,20,0,0,65,0,0,Mediados,0,79,Ninguno
2026-09-12,Crema de pistacho Hacendado 200 g,20,0,30,20,0,0,65,0,0,Mediados,0,79,Ninguno
2026-09-12,Zumo de naranja exprimido 1 L,46,0,30,20,0,0,65,0,0,Mediados,0,79,Ninguno
2026-09-12,Kéfir natural Hacendado,31,0,30,20,0,0,65,0,0,Mediados,0,79,Ninguno
2026-09-12,Queso fresco batido 0 % Hacendado,41,0,30,20,0,0,65,0,0,Mediados,0,79,Ninguno
2026-09-12,Yogur griego Hacendado,61,0,30,20,0,0,65,0,0,Mediados,0,79,Ninguno
2026-09-12,Plátano de Canarias 1 kg,98,0,30,20,0,0,65,0,0,Mediados,0,79,Ninguno
2026-09-12,Naranja de mesa 2 kg,51,0,30,20,0,0,65,0,0,Mediados,0,79,Ninguno
2026-09-12,Lechuga iceberg,81,0,30,20,0,0,65,0,0,Mediados,0,79,Ninguno
"2026-09-13,""Agua mineral Bronchales 1,5 L"",419,0,27,19,0,0,0,0,0,Mediados,0,75,Ninguno"
2026-09-13,Leche entera Hacendado 1 L,354,0,27,19,0,0,0,0,0,Mediados,0,75,Ninguno
2026-09-13,Leche semidesnatada Hacendado 1 L,359,0,27,19,0,0,0,0,0,Mediados,0,75,Ninguno
2026-09-13,Yogur natural Hacendado,199,0,27,19,0,0,0,0,0,Mediados,0,75,Ninguno
2026-09-13,Huevos L docena,156,0,27,19,0,0,0,0,0,Mediados,0,75,Ninguno
2026-09-13,Barra de pan,504,0,27,19,0,0,0,0,0,Mediados,0,75,Ninguno
2026-09-13,Pechuga de pollo fileteada 500 g,123,0,27,19,0,0,0,0,0,Mediados,0,75,Ninguno
2026-09-13,Horchata Hacendado 1 L,57,0,27,19,0,0,0,0,0,Mediados,0,75,Ninguno
2026-09-13,Polos de limón Hacendado 10 ud,46,0,27,19,0,0,0,0,0,Mediados,0,75,Ninguno
2026-09-13,Sandía baja en semillas,89,0,27,19,0,0,0,0,0,Mediados,0,75,Ninguno
2026-09-13,Conos nata y chocolate Hacendado,70,0,27,19,0,0,0,0,0,Mediados,0,75,Ninguno
2026-09-13,Fresas 500 g,36,0,27,19,0,0,0,0,0,Mediados,0,75,Ninguno
2026-09-13,Cerveza Steinburg lata,155,0,27,19,0,0,0,0,0,Mediados,0,75,Ninguno
2026-09-13,Refresco de cola Hacendado 2 L,104,0,27,19,0,0,0,0,0,Mediados,0,75,Ninguno
2026-09-13,Hamburguesa de vacuno,62,0,27,19,0,0,0,0,0,Mediados,0,75,Ninguno
2026-09-13,Patatas fritas lisas Hacendado,78,0,27,19,0,0,0,0,0,Mediados,0,75,Ninguno
2026-09-13,Hummus clásico Hacendado,52,0,27,19,0,0,0,0,0,Mediados,0,75,Ninguno
2026-09-13,Salmón fresco en lomos 250 g,41,0,27,19,0,0,0,0,0,Mediados,0,75,Ninguno
2026-09-13,Aguacate malla 4 ud,30,0,27,19,0,0,0,0,0,Mediados,0,75,Ninguno
2026-09-13,Crema de pistacho Hacendado 200 g,20,0,27,19,0,0,0,0,0,Mediados,0,75,Ninguno
2026-09-13,Zumo de naranja exprimido 1 L,47,0,27,19,0,0,0,0,0,Mediados,0,75,Ninguno
2026-09-13,Kéfir natural Hacendado,29,0,27,19,0,0,0,0,0,Mediados,0,75,Ninguno
2026-09-13,Queso fresco batido 0 % Hacendado,39,0,27,19,0,0,0,0,0,Mediados,0,75,Ninguno
2026-09-13,Yogur griego Hacendado,60,0,27,19,0,0,0,0,0,Mediados,0,75,Ninguno
2026-09-13,Plátano de Canarias 1 kg,100,0,27,19,0,0,0,0,0,Mediados,0,75,Ninguno
2026-09-13,Naranja de mesa 2 kg,50,0,27,19,0,0,0,0,0,Mediados,0,75,Ninguno
2026-09-13,Lechuga iceberg,79,0,27,19,0,0,0,0,0,Mediados,0,75,Ninguno
"2026-09-14,""Agua mineral Bronchales 1,5 L"",517,0,34,23,0,0,96,100,0,Mediados,0,90,Ninguno"
2026-09-14,Leche entera Hacendado 1 L,466,0,34,23,0,0,96,100,0,Mediados,0,90,Ninguno
2026-09-14,Leche semidesnatada Hacendado 1 L,470,0,34,23,0,0,96,100,0,Mediados,0,90,Ninguno
2026-09-14,Yogur natural Hacendado,254,0,34,23,0,0,96,100,0,Mediados,0,90,Ninguno
2026-09-14,Huevos L docena,200,0,34,23,0,0,96,100,0,Mediados,0,90,Ninguno
2026-09-14,Barra de pan,649,0,34,23,0,0,96,100,0,Mediados,0,90,Ninguno
2026-09-14,Pechuga de pollo fileteada 500 g,152,0,34,23,0,0,96,100,0,Mediados,0,90,Ninguno
2026-09-14,Horchata Hacendado 1 L,103,0,34,23,0,0,96,100,0,Mediados,0,90,Ninguno
2026-09-14,Polos de limón Hacendado 10 ud,85,0,34,23,0,0,96,100,0,Mediados,0,90,Ninguno
2026-09-14,Sandía baja en semillas,162,0,34,23,0,0,96,100,0,Mediados,0,90,Ninguno
2026-09-14,Conos nata y chocolate Hacendado,123,0,34,23,0,0,96,100,0,Mediados,0,90,Ninguno
2026-09-14,Fresas 500 g,65,0,34,23,0,0,96,100,0,Mediados,0,90,Ninguno
2026-09-14,Cerveza Steinburg lata,216,0,34,23,0,0,96,100,0,Mediados,0,90,Ninguno
2026-09-14,Refresco de cola Hacendado 2 L,145,0,34,23,0,0,96,100,0,Mediados,0,90,Ninguno
2026-09-14,Hamburguesa de vacuno,89,0,34,23,0,0,96,100,0,Mediados,0,90,Ninguno
2026-09-14,Patatas fritas lisas Hacendado,116,0,34,23,0,0,96,100,0,Mediados,0,90,Ninguno
2026-09-14,Hummus clásico Hacendado,73,0,34,23,0,0,96,100,0,Mediados,0,90,Ninguno
2026-09-14,Salmón fresco en lomos 250 g,40,0,34,23,0,0,96,100,0,Mediados,0,90,Ninguno
2026-09-14,Aguacate malla 4 ud,29,0,34,23,0,0,96,100,0,Mediados,0,90,Ninguno
2026-09-14,Crema de pistacho Hacendado 200 g,20,0,34,23,0,0,96,100,0,Mediados,0,90,Ninguno
2026-09-14,Zumo de naranja exprimido 1 L,43,0,34,23,0,0,96,100,0,Mediados,0,90,Ninguno
2026-09-14,Kéfir natural Hacendado,31,0,34,23,0,0,96,100,0,Mediados,0,90,Ninguno
2026-09-14,Queso fresco batido 0 % Hacendado,40,0,34,23,0,0,96,100,0,Mediados,0,90,Ninguno
2026-09-14,Yogur griego Hacendado,62,0,34,23,0,0,96,100,0,Mediados,0,90,Ninguno
2026-09-14,Plátano de Canarias 1 kg,104,0,34,23,0,0,96,100,0,Mediados,0,90,Ninguno
2026-09-14,Naranja de mesa 2 kg,48,0,34,23,0,0,96,100,0,Mediados,0,90,Ninguno
2026-09-14,Lechuga iceberg,83,0,34,23,0,0,96,100,0,Mediados,0,90,Ninguno
"2026-09-15,""Agua mineral Bronchales 1,5 L"",412,0,35,10,39,0,54,0,100,Mediados,97,94,Ninguno"
2026-09-15,Leche entera Hacendado 1 L,364,0,35,10,39,0,54,0,100,Mediados,97,94,Ninguno
2026-09-15,Leche semidesnatada Hacendado 1 L,350,0,35,10,39,0,54,0,100,Mediados,97,94,Ninguno
2026-09-15,Yogur natural Hacendado,195,0,35,10,39,0,54,0,100,Mediados,97,94,Ninguno
2026-09-15,Huevos L docena,150,0,35,10,39,0,54,0,100,Mediados,97,94,Ninguno
2026-09-15,Barra de pan,494,0,35,10,39,0,54,0,100,Mediados,97,94,Ninguno
2026-09-15,Pechuga de pollo fileteada 500 g,122,0,35,10,39,0,54,0,100,Mediados,97,94,Ninguno
2026-09-15,Horchata Hacendado 1 L,121,0,35,10,39,0,54,0,100,Mediados,97,94,Ninguno
2026-09-15,Polos de limón Hacendado 10 ud,96,0,35,10,39,0,54,0,100,Mediados,97,94,Ninguno
2026-09-15,Sandía baja en semillas,194,0,35,10,39,0,54,0,100,Mediados,97,94,Ninguno
2026-09-15,Conos nata y chocolate Hacendado,147,0,35,10,39,0,54,0,100,Mediados,97,94,Ninguno
2026-09-15,Fresas 500 g,74,0,35,10,39,0,54,0,100,Mediados,97,94,Ninguno
2026-09-15,Cerveza Steinburg lata,226,0,35,10,39,0,54,0,100,Mediados,97,94,Ninguno
2026-09-15,Refresco de cola Hacendado 2 L,156,0,35,10,39,0,54,0,100,Mediados,97,94,Ninguno
2026-09-15,Hamburguesa de vacuno,91,0,35,10,39,0,54,0,100,Mediados,97,94,Ninguno
2026-09-15,Patatas fritas lisas Hacendado,122,0,35,10,39,0,54,0,100,Mediados,97,94,Ninguno
2026-09-15,Hummus clásico Hacendado,72,0,35,10,39,0,54,0,100,Mediados,97,94,Ninguno
2026-09-15,Salmón fresco en lomos 250 g,40,0,35,10,39,0,54,0,100,Mediados,97,94,Ninguno
2026-09-15,Aguacate malla 4 ud,31,0,35,10,39,0,54,0,100,Mediados,97,94,Ninguno
2026-09-15,Crema de pistacho Hacendado 200 g,19,0,35,10,39,0,54,0,100,Mediados,97,94,Ninguno
2026-09-15,Zumo de naranja exprimido 1 L,44,0,35,10,39,0,54,0,100,Mediados,97,94,Ninguno
2026-09-15,Kéfir natural Hacendado,29,0,35,10,39,0,54,0,100,Mediados,97,94,Ninguno
2026-09-15,Queso fresco batido 0 % Hacendado,40,0,35,10,39,0,54,0,100,Mediados,97,94,Ninguno
2026-09-15,Yogur griego Hacendado,59,0,35,10,39,0,54,0,100,Mediados,97,94,Ninguno
2026-09-15,Plátano de Canarias 1 kg,104,0,35,10,39,0,54,0,100,Mediados,97,94,Ninguno
2026-09-15,Naranja de mesa 2 kg,49,0,35,10,39,0,54,0,100,Mediados,97,94,Ninguno
2026-09-15,Lechuga iceberg,84,0,35,10,39,0,54,0,100,Mediados,97,94,Ninguno
"2026-09-16,""Agua mineral Bronchales 1,5 L"",406,0,22,17,0,0,45,0,0,Mediados,0,74,Ninguno"
2026-09-16,Leche entera Hacendado 1 L,360,0,22,17,0,0,45,0,0,Mediados,0,74,Ninguno
2026-09-16,Leche semidesnatada Hacendado 1 L,355,0,22,17,0,0,45,0,0,Mediados,0,74,Ninguno
2026-09-16,Yogur natural Hacendado,205,0,22,17,0,0,45,0,0,Mediados,0,74,Ninguno
2026-09-16,Huevos L docena,157,0,22,17,0,0,45,0,0,Mediados,0,74,Ninguno
2026-09-16,Barra de pan,485,0,22,17,0,0,45,0,0,Mediados,0,74,Ninguno
2026-09-16,Pechuga de pollo fileteada 500 g,114,0,22,17,0,0,45,0,0,Mediados,0,74,Ninguno
2026-09-16,Horchata Hacendado 1 L,55,0,22,17,0,0,45,0,0,Mediados,0,74,Ninguno
2026-09-16,Polos de limón Hacendado 10 ud,44,0,22,17,0,0,45,0,0,Mediados,0,74,Ninguno
2026-09-16,Sandía baja en semillas,93,0,22,17,0,0,45,0,0,Mediados,0,74,Ninguno
2026-09-16,Conos nata y chocolate Hacendado,69,0,22,17,0,0,45,0,0,Mediados,0,74,Ninguno
2026-09-16,Fresas 500 g,33,0,22,17,0,0,45,0,0,Mediados,0,74,Ninguno
2026-09-16,Cerveza Steinburg lata,153,0,22,17,0,0,45,0,0,Mediados,0,74,Ninguno
2026-09-16,Refresco de cola Hacendado 2 L,103,0,22,17,0,0,45,0,0,Mediados,0,74,Ninguno
2026-09-16,Hamburguesa de vacuno,58,0,22,17,0,0,45,0,0,Mediados,0,74,Ninguno
2026-09-16,Patatas fritas lisas Hacendado,81,0,22,17,0,0,45,0,0,Mediados,0,74,Ninguno
2026-09-16,Hummus clásico Hacendado,51,0,22,17,0,0,45,0,0,Mediados,0,74,Ninguno
2026-09-16,Salmón fresco en lomos 250 g,38,0,22,17,0,0,45,0,0,Mediados,0,74,Ninguno
2026-09-16,Aguacate malla 4 ud,31,0,22,17,0,0,45,0,0,Mediados,0,74,Ninguno
2026-09-16,Crema de pistacho Hacendado 200 g,21,0,22,17,0,0,45,0,0,Mediados,0,74,Ninguno
2026-09-16,Zumo de naranja exprimido 1 L,43,0,22,17,0,0,45,0,0,Mediados,0,74,Ninguno
2026-09-16,Kéfir natural Hacendado,29,0,22,17,0,0,45,0,0,Mediados,0,74,Ninguno
2026-09-16,Queso fresco batido 0 % Hacendado,39,0,22,17,0,0,45,0,0,Mediados,0,74,Ninguno
2026-09-16,Yogur griego Hacendado,61,0,22,17,0,0,45,0,0,Mediados,0,74,Ninguno
2026-09-16,Plátano de Canarias 1 kg,105,0,22,17,0,0,45,0,0,Mediados,0,74,Ninguno
2026-09-16,Naranja de mesa 2 kg,49,0,22,17,0,0,45,0,0,Mediados,0,74,Ninguno
2026-09-16,Lechuga iceberg,82,0,22,17,0,0,45,0,0,Mediados,0,74,Ninguno
"2026-09-17,""Agua mineral Bronchales 1,5 L"",412,0,40,17,0,0,77,0,0,Mediados,0,67,Ninguno"
2026-09-17,Leche entera Hacendado 1 L,352,0,40,17,0,0,77,0,0,Mediados,0,67,Ninguno
2026-09-17,Leche semidesnatada Hacendado 1 L,334,0,40,17,0,0,77,0,0,Mediados,0,67,Ninguno
2026-09-17,Yogur natural Hacendado,201,0,40,17,0,0,77,0,0,Mediados,0,67,Ninguno
2026-09-17,Huevos L docena,152,0,40,17,0,0,77,0,0,Mediados,0,67,Ninguno
2026-09-17,Barra de pan,478,0,40,17,0,0,77,0,0,Mediados,0,67,Ninguno
2026-09-17,Pechuga de pollo fileteada 500 g,122,0,40,17,0,0,77,0,0,Mediados,0,67,Ninguno
2026-09-17,Horchata Hacendado 1 L,127,0,40,17,0,0,77,0,0,Mediados,0,67,Ninguno
2026-09-17,Polos de limón Hacendado 10 ud,106,0,40,17,0,0,77,0,0,Mediados,0,67,Ninguno
2026-09-17,Sandía baja en semillas,214,0,40,17,0,0,77,0,0,Mediados,0,67,Ninguno
2026-09-17,Conos nata y chocolate Hacendado,159,0,40,17,0,0,77,0,0,Mediados,0,67,Ninguno
2026-09-17,Fresas 500 g,79,0,40,17,0,0,77,0,0,Mediados,0,67,Ninguno
2026-09-17,Cerveza Steinburg lata,156,0,40,17,0,0,77,0,0,Mediados,0,67,Ninguno
2026-09-17,Refresco de cola Hacendado 2 L,100,0,40,17,0,0,77,0,0,Mediados,0,67,Ninguno
2026-09-17,Hamburguesa de vacuno,58,0,40,17,0,0,77,0,0,Mediados,0,67,Ninguno
2026-09-17,Patatas fritas lisas Hacendado,77,0,40,17,0,0,77,0,0,Mediados,0,67,Ninguno
2026-09-17,Hummus clásico Hacendado,50,0,40,17,0,0,77,0,0,Mediados,0,67,Ninguno
2026-09-17,Salmón fresco en lomos 250 g,41,0,40,17,0,0,77,0,0,Mediados,0,67,Ninguno
2026-09-17,Aguacate malla 4 ud,30,0,40,17,0,0,77,0,0,Mediados,0,67,Ninguno
2026-09-17,Crema de pistacho Hacendado 200 g,21,0,40,17,0,0,77,0,0,Mediados,0,67,Ninguno
2026-09-17,Zumo de naranja exprimido 1 L,46,0,40,17,0,0,77,0,0,Mediados,0,67,Ninguno
2026-09-17,Kéfir natural Hacendado,30,0,40,17,0,0,77,0,0,Mediados,0,67,Ninguno
2026-09-17,Queso fresco batido 0 % Hacendado,41,0,40,17,0,0,77,0,0,Mediados,0,67,Ninguno
2026-09-17,Yogur griego Hacendado,61,0,40,17,0,0,77,0,0,Mediados,0,67,Ninguno
2026-09-17,Plátano de Canarias 1 kg,98,0,40,17,0,0,77,0,0,Mediados,0,67,Ninguno
2026-09-17,Naranja de mesa 2 kg,49,0,40,17,0,0,77,0,0,Mediados,0,67,Ninguno
2026-09-17,Lechuga iceberg,83,0,40,17,0,0,77,0,0,Mediados,0,67,Ninguno
"2026-09-18,""Agua mineral Bronchales 1,5 L"",381,0,34,17,0,0,0,0,0,Mediados,0,81,Crema de pistacho Hacendado"
2026-09-18,Leche entera Hacendado 1 L,362,0,34,17,0,0,0,0,0,Mediados,0,81,Crema de pistacho Hacendado
2026-09-18,Leche semidesnatada Hacendado 1 L,339,0,34,17,0,0,0,0,0,Mediados,0,81,Crema de pistacho Hacendado
2026-09-18,Yogur natural Hacendado,194,0,34,17,0,0,0,0,0,Mediados,0,81,Crema de pistacho Hacendado
2026-09-18,Huevos L docena,154,0,34,17,0,0,0,0,0,Mediados,0,81,Crema de pistacho Hacendado
2026-09-18,Barra de pan,492,0,34,17,0,0,0,0,0,Mediados,0,81,Crema de pistacho Hacendado
2026-09-18,Pechuga de pollo fileteada 500 g,125,0,34,17,0,0,0,0,0,Mediados,0,81,Crema de pistacho Hacendado
2026-09-18,Horchata Hacendado 1 L,99,0,34,17,0,0,0,0,0,Mediados,0,81,Crema de pistacho Hacendado
2026-09-18,Polos de limón Hacendado 10 ud,76,0,34,17,0,0,0,0,0,Mediados,0,81,Crema de pistacho Hacendado
2026-09-18,Sandía baja en semillas,147,0,34,17,0,0,0,0,0,Mediados,0,81,Crema de pistacho Hacendado
2026-09-18,Conos nata y chocolate Hacendado,121,0,34,17,0,0,0,0,0,Mediados,0,81,Crema de pistacho Hacendado
2026-09-18,Fresas 500 g,56,0,34,17,0,0,0,0,0,Mediados,0,81,Crema de pistacho Hacendado
2026-09-18,Cerveza Steinburg lata,153,0,34,17,0,0,0,0,0,Mediados,0,81,Crema de pistacho Hacendado
2026-09-18,Refresco de cola Hacendado 2 L,100,0,34,17,0,0,0,0,0,Mediados,0,81,Crema de pistacho Hacendado
2026-09-18,Hamburguesa de vacuno,62,0,34,17,0,0,0,0,0,Mediados,0,81,Crema de pistacho Hacendado
2026-09-18,Patatas fritas lisas Hacendado,82,0,34,17,0,0,0,0,0,Mediados,0,81,Crema de pistacho Hacendado
2026-09-18,Hummus clásico Hacendado,51,0,34,17,0,0,0,0,0,Mediados,0,81,Crema de pistacho Hacendado
2026-09-18,Salmón fresco en lomos 250 g,40,0,34,17,0,0,0,0,0,Mediados,0,81,Crema de pistacho Hacendado
2026-09-18,Aguacate malla 4 ud,31,0,34,17,0,0,0,0,0,Mediados,0,81,Crema de pistacho Hacendado
2026-09-18,Crema de pistacho Hacendado 200 g,19,0,34,17,0,0,0,0,0,Mediados,0,81,Crema de pistacho Hacendado
2026-09-18,Zumo de naranja exprimido 1 L,44,0,34,17,0,0,0,0,0,Mediados,0,81,Crema de pistacho Hacendado
2026-09-18,Kéfir natural Hacendado,31,0,34,17,0,0,0,0,0,Mediados,0,81,Crema de pistacho Hacendado
2026-09-18,Queso fresco batido 0 % Hacendado,39,0,34,17,0,0,0,0,0,Mediados,0,81,Crema de pistacho Hacendado
2026-09-18,Yogur griego Hacendado,60,0,34,17,0,0,0,0,0,Mediados,0,81,Crema de pistacho Hacendado
2026-09-18,Plátano de Canarias 1 kg,100,0,34,17,0,0,0,0,0,Mediados,0,81,Crema de pistacho Hacendado
2026-09-18,Naranja de mesa 2 kg,50,0,34,17,0,0,0,0,0,Mediados,0,81,Crema de pistacho Hacendado
2026-09-18,Lechuga iceberg,79,0,34,17,0,0,0,0,0,Mediados,0,81,Crema de pistacho Hacendado
"2026-09-19,""Agua mineral Bronchales 1,5 L"",409,0,30,21,0,0,0,0,0,Mediados,0,67,Crema de pistacho Hacendado"
2026-09-19,Leche entera Hacendado 1 L,344,0,30,21,0,0,0,0,0,Mediados,0,67,Crema de pistacho Hacendado
2026-09-19,Leche semidesnatada Hacendado 1 L,359,0,30,21,0,0,0,0,0,Mediados,0,67,Crema de pistacho Hacendado
2026-09-19,Yogur natural Hacendado,209,0,30,21,0,0,0,0,0,Mediados,0,67,Crema de pistacho Hacendado
2026-09-19,Huevos L docena,153,0,30,21,0,0,0,0,0,Mediados,0,67,Crema de pistacho Hacendado
2026-09-19,Barra de pan,485,0,30,21,0,0,0,0,0,Mediados,0,67,Crema de pistacho Hacendado
2026-09-19,Pechuga de pollo fileteada 500 g,123,0,30,21,0,0,0,0,0,Mediados,0,67,Crema de pistacho Hacendado
2026-09-19,Horchata Hacendado 1 L,52,0,30,21,0,0,0,0,0,Mediados,0,67,Crema de pistacho Hacendado
2026-09-19,Polos de limón Hacendado 10 ud,43,0,30,21,0,0,0,0,0,Mediados,0,67,Crema de pistacho Hacendado
2026-09-19,Sandía baja en semillas,88,0,30,21,0,0,0,0,0,Mediados,0,67,Crema de pistacho Hacendado
2026-09-19,Conos nata y chocolate Hacendado,65,0,30,21,0,0,0,0,0,Mediados,0,67,Crema de pistacho Hacendado
2026-09-19,Fresas 500 g,34,0,30,21,0,0,0,0,0,Mediados,0,67,Crema de pistacho Hacendado
2026-09-19,Cerveza Steinburg lata,155,0,30,21,0,0,0,0,0,Mediados,0,67,Crema de pistacho Hacendado
2026-09-19,Refresco de cola Hacendado 2 L,98,0,30,21,0,0,0,0,0,Mediados,0,67,Crema de pistacho Hacendado
2026-09-19,Hamburguesa de vacuno,59,0,30,21,0,0,0,0,0,Mediados,0,67,Crema de pistacho Hacendado
2026-09-19,Patatas fritas lisas Hacendado,78,0,30,21,0,0,0,0,0,Mediados,0,67,Crema de pistacho Hacendado
2026-09-19,Hummus clásico Hacendado,51,0,30,21,0,0,0,0,0,Mediados,0,67,Crema de pistacho Hacendado
2026-09-19,Salmón fresco en lomos 250 g,39,0,30,21,0,0,0,0,0,Mediados,0,67,Crema de pistacho Hacendado
2026-09-19,Aguacate malla 4 ud,29,0,30,21,0,0,0,0,0,Mediados,0,67,Crema de pistacho Hacendado
2026-09-19,Crema de pistacho Hacendado 200 g,19,0,30,21,0,0,0,0,0,Mediados,0,67,Crema de pistacho Hacendado
2026-09-19,Zumo de naranja exprimido 1 L,44,0,30,21,0,0,0,0,0,Mediados,0,67,Crema de pistacho Hacendado
2026-09-19,Kéfir natural Hacendado,31,0,30,21,0,0,0,0,0,Mediados,0,67,Crema de pistacho Hacendado
2026-09-19,Queso fresco batido 0 % Hacendado,41,0,30,21,0,0,0,0,0,Mediados,0,67,Crema de pistacho Hacendado
2026-09-19,Yogur griego Hacendado,62,0,30,21,0,0,0,0,0,Mediados,0,67,Crema de pistacho Hacendado
2026-09-19,Plátano de Canarias 1 kg,96,0,30,21,0,0,0,0,0,Mediados,0,67,Crema de pistacho Hacendado
2026-09-19,Naranja de mesa 2 kg,48,0,30,21,0,0,0,0,0,Mediados,0,67,Crema de pistacho Hacendado
2026-09-19,Lechuga iceberg,78,0,30,21,0,0,0,0,0,Mediados,0,67,Crema de pistacho Hacendado
"2026-09-20,""Agua mineral Bronchales 1,5 L"",396,0,30,15,33,62,0,0,0,Mediados,0,64,Ninguno"
2026-09-20,Leche entera Hacendado 1 L,335,0,30,15,33,62,0,0,0,Mediados,0,64,Ninguno
2026-09-20,Leche semidesnatada Hacendado 1 L,355,0,30,15,33,62,0,0,0,Mediados,0,64,Ninguno
2026-09-20,Yogur natural Hacendado,191,0,30,15,33,62,0,0,0,Mediados,0,64,Ninguno
2026-09-20,Huevos L docena,145,0,30,15,33,62,0,0,0,Mediados,0,64,Ninguno
2026-09-20,Barra de pan,503,0,30,15,33,62,0,0,0,Mediados,0,64,Ninguno
2026-09-20,Pechuga de pollo fileteada 500 g,118,0,30,15,33,62,0,0,0,Mediados,0,64,Ninguno
2026-09-20,Horchata Hacendado 1 L,55,0,30,15,33,62,0,0,0,Mediados,0,64,Ninguno
2026-09-20,Polos de limón Hacendado 10 ud,40,0,30,15,33,62,0,0,0,Mediados,0,64,Ninguno
2026-09-20,Sandía baja en semillas,85,0,30,15,33,62,0,0,0,Mediados,0,64,Ninguno
2026-09-20,Conos nata y chocolate Hacendado,63,0,30,15,33,62,0,0,0,Mediados,0,64,Ninguno
2026-09-20,Fresas 500 g,32,0,30,15,33,62,0,0,0,Mediados,0,64,Ninguno
2026-09-20,Cerveza Steinburg lata,296,0,30,15,33,62,0,0,0,Mediados,0,64,Ninguno
2026-09-20,Refresco de cola Hacendado 2 L,250,0,30,15,33,62,0,0,0,Mediados,0,64,Ninguno
2026-09-20,Hamburguesa de vacuno,210,0,30,15,33,62,0,0,0,Mediados,0,64,Ninguno
2026-09-20,Patatas fritas lisas Hacendado,230,0,30,15,33,62,0,0,0,Mediados,0,64,Ninguno
2026-09-20,Hummus clásico Hacendado,202,0,30,15,33,62,0,0,0,Mediados,0,64,Ninguno
2026-09-20,Salmón fresco en lomos 250 g,42,0,30,15,33,62,0,0,0,Mediados,0,64,Ninguno
2026-09-20,Aguacate malla 4 ud,29,0,30,15,33,62,0,0,0,Mediados,0,64,Ninguno
2026-09-20,Crema de pistacho Hacendado 200 g,20,0,30,15,33,62,0,0,0,Mediados,0,64,Ninguno
2026-09-20,Zumo de naranja exprimido 1 L,45,0,30,15,33,62,0,0,0,Mediados,0,64,Ninguno
2026-09-20,Kéfir natural Hacendado,31,0,30,15,33,62,0,0,0,Mediados,0,64,Ninguno
2026-09-20,Queso fresco batido 0 % Hacendado,42,0,30,15,33,62,0,0,0,Mediados,0,64,Ninguno
2026-09-20,Yogur griego Hacendado,58,0,30,15,33,62,0,0,0,Mediados,0,64,Ninguno
2026-09-20,Plátano de Canarias 1 kg,97,0,30,15,33,62,0,0,0,Mediados,0,64,Ninguno
2026-09-20,Naranja de mesa 2 kg,51,0,30,15,33,62,0,0,0,Mediados,0,64,Ninguno
2026-09-20,Lechuga iceberg,77,0,30,15,33,62,0,0,0,Mediados,0,64,Ninguno
"2026-09-21,""Agua mineral Bronchales 1,5 L"",381,0,22,12,0,0,0,0,0,Final,0,78,Ninguno"
2026-09-21,Leche entera Hacendado 1 L,343,0,22,12,0,0,0,0,0,Final,0,78,Ninguno
2026-09-21,Leche semidesnatada Hacendado 1 L,342,0,22,12,0,0,0,0,0,Final,0,78,Ninguno
2026-09-21,Yogur natural Hacendado,207,0,22,12,0,0,0,0,0,Final,0,78,Ninguno
2026-09-21,Huevos L docena,144,0,22,12,0,0,0,0,0,Final,0,78,Ninguno
2026-09-21,Barra de pan,487,0,22,12,0,0,0,0,0,Final,0,78,Ninguno
2026-09-21,Pechuga de pollo fileteada 500 g,117,0,22,12,0,0,0,0,0,Final,0,78,Ninguno
2026-09-21,Horchata Hacendado 1 L,61,0,22,12,0,0,0,0,0,Final,0,78,Ninguno
2026-09-21,Polos de limón Hacendado 10 ud,48,0,22,12,0,0,0,0,0,Final,0,78,Ninguno
2026-09-21,Sandía baja en semillas,97,0,22,12,0,0,0,0,0,Final,0,78,Ninguno
2026-09-21,Conos nata y chocolate Hacendado,69,0,22,12,0,0,0,0,0,Final,0,78,Ninguno
2026-09-21,Fresas 500 g,34,0,22,12,0,0,0,0,0,Final,0,78,Ninguno
2026-09-21,Cerveza Steinburg lata,102,0,22,12,0,0,0,0,0,Final,0,78,Ninguno
2026-09-21,Refresco de cola Hacendado 2 L,68,0,22,12,0,0,0,0,0,Final,0,78,Ninguno
2026-09-21,Hamburguesa de vacuno,41,0,22,12,0,0,0,0,0,Final,0,78,Ninguno
2026-09-21,Patatas fritas lisas Hacendado,54,0,22,12,0,0,0,0,0,Final,0,78,Ninguno
2026-09-21,Hummus clásico Hacendado,33,0,22,12,0,0,0,0,0,Final,0,78,Ninguno
2026-09-21,Salmón fresco en lomos 250 g,21,0,22,12,0,0,0,0,0,Final,0,78,Ninguno
2026-09-21,Aguacate malla 4 ud,15,0,22,12,0,0,0,0,0,Final,0,78,Ninguno
2026-09-21,Crema de pistacho Hacendado 200 g,10,0,22,12,0,0,0,0,0,Final,0,78,Ninguno
2026-09-21,Zumo de naranja exprimido 1 L,23,0,22,12,0,0,0,0,0,Final,0,78,Ninguno
2026-09-21,Kéfir natural Hacendado,30,0,22,12,0,0,0,0,0,Final,0,78,Ninguno
2026-09-21,Queso fresco batido 0 % Hacendado,40,0,22,12,0,0,0,0,0,Final,0,78,Ninguno
2026-09-21,Yogur griego Hacendado,59,0,22,12,0,0,0,0,0,Final,0,78,Ninguno
2026-09-21,Plátano de Canarias 1 kg,99,0,22,12,0,0,0,0,0,Final,0,78,Ninguno
2026-09-21,Naranja de mesa 2 kg,49,0,22,12,0,0,0,0,0,Final,0,78,Ninguno
2026-09-21,Lechuga iceberg,80,0,22,12,0,0,0,0,0,Final,0,78,Ninguno
"2026-09-22,""Agua mineral Bronchales 1,5 L"",389,0,39,11,95,0,0,0,0,Final,0,65,Ninguno"
2026-09-22,Leche entera Hacendado 1 L,356,0,39,11,95,0,0,0,0,Final,0,65,Ninguno
2026-09-22,Leche semidesnatada Hacendado 1 L,363,0,39,11,95,0,0,0,0,Final,0,65,Ninguno
2026-09-22,Yogur natural Hacendado,202,0,39,11,95,0,0,0,0,Final,0,65,Ninguno
2026-09-22,Huevos L docena,143,0,39,11,95,0,0,0,0,Final,0,65,Ninguno
2026-09-22,Barra de pan,513,0,39,11,95,0,0,0,0,Final,0,65,Ninguno
2026-09-22,Pechuga de pollo fileteada 500 g,124,0,39,11,95,0,0,0,0,Final,0,65,Ninguno
2026-09-22,Horchata Hacendado 1 L,124,0,39,11,95,0,0,0,0,Final,0,65,Ninguno
2026-09-22,Polos de limón Hacendado 10 ud,101,0,39,11,95,0,0,0,0,Final,0,65,Ninguno
2026-09-22,Sandía baja en semillas,191,0,39,11,95,0,0,0,0,Final,0,65,Ninguno
2026-09-22,Conos nata y chocolate Hacendado,148,0,39,11,95,0,0,0,0,Final,0,65,Ninguno
2026-09-22,Fresas 500 g,74,0,39,11,95,0,0,0,0,Final,0,65,Ninguno
2026-09-22,Cerveza Steinburg lata,208,0,39,11,95,0,0,0,0,Final,0,65,Ninguno
2026-09-22,Refresco de cola Hacendado 2 L,178,0,39,11,95,0,0,0,0,Final,0,65,Ninguno
2026-09-22,Hamburguesa de vacuno,147,0,39,11,95,0,0,0,0,Final,0,65,Ninguno
2026-09-22,Patatas fritas lisas Hacendado,163,0,39,11,95,0,0,0,0,Final,0,65,Ninguno
2026-09-22,Hummus clásico Hacendado,142,0,39,11,95,0,0,0,0,Final,0,65,Ninguno
2026-09-22,Salmón fresco en lomos 250 g,20,0,39,11,95,0,0,0,0,Final,0,65,Ninguno
2026-09-22,Aguacate malla 4 ud,15,0,39,11,95,0,0,0,0,Final,0,65,Ninguno
2026-09-22,Crema de pistacho Hacendado 200 g,10,0,39,11,95,0,0,0,0,Final,0,65,Ninguno
2026-09-22,Zumo de naranja exprimido 1 L,22,0,39,11,95,0,0,0,0,Final,0,65,Ninguno
2026-09-22,Kéfir natural Hacendado,29,0,39,11,95,0,0,0,0,Final,0,65,Ninguno
2026-09-22,Queso fresco batido 0 % Hacendado,40,0,39,11,95,0,0,0,0,Final,0,65,Ninguno
2026-09-22,Yogur griego Hacendado,60,0,39,11,95,0,0,0,0,Final,0,65,Ninguno
2026-09-22,Plátano de Canarias 1 kg,102,0,39,11,95,0,0,0,0,Final,0,65,Ninguno
2026-09-22,Naranja de mesa 2 kg,50,0,39,11,95,0,0,0,0,Final,0,65,Ninguno
2026-09-22,Lechuga iceberg,82,0,39,11,95,0,0,0,0,Final,0,65,Ninguno
"2026-09-23,""Agua mineral Bronchales 1,5 L"",413,0,22,15,0,0,0,0,0,Final,0,92,Ninguno"
2026-09-23,Leche entera Hacendado 1 L,333,0,22,15,0,0,0,0,0,Final,0,92,Ninguno
2026-09-23,Leche semidesnatada Hacendado 1 L,363,0,22,15,0,0,0,0,0,Final,0,92,Ninguno
2026-09-23,Yogur natural Hacendado,199,0,22,15,0,0,0,0,0,Final,0,92,Ninguno
2026-09-23,Huevos L docena,143,0,22,15,0,0,0,0,0,Final,0,92,Ninguno
2026-09-23,Barra de pan,501,0,22,15,0,0,0,0,0,Final,0,92,Ninguno
2026-09-23,Pechuga de pollo fileteada 500 g,121,0,22,15,0,0,0,0,0,Final,0,92,Ninguno
2026-09-23,Horchata Hacendado 1 L,66,0,22,15,0,0,0,0,0,Final,0,92,Ninguno
2026-09-23,Polos de limón Hacendado 10 ud,52,0,22,15,0,0,0,0,0,Final,0,92,Ninguno
2026-09-23,Sandía baja en semillas,101,0,22,15,0,0,0,0,0,Final,0,92,Ninguno
2026-09-23,Conos nata y chocolate Hacendado,77,0,22,15,0,0,0,0,0,Final,0,92,Ninguno
2026-09-23,Fresas 500 g,38,0,22,15,0,0,0,0,0,Final,0,92,Ninguno
2026-09-23,Cerveza Steinburg lata,103,0,22,15,0,0,0,0,0,Final,0,92,Ninguno
2026-09-23,Refresco de cola Hacendado 2 L,73,0,22,15,0,0,0,0,0,Final,0,92,Ninguno
2026-09-23,Hamburguesa de vacuno,42,0,22,15,0,0,0,0,0,Final,0,92,Ninguno
2026-09-23,Patatas fritas lisas Hacendado,53,0,22,15,0,0,0,0,0,Final,0,92,Ninguno
2026-09-23,Hummus clásico Hacendado,35,0,22,15,0,0,0,0,0,Final,0,92,Ninguno
2026-09-23,Salmón fresco en lomos 250 g,21,0,22,15,0,0,0,0,0,Final,0,92,Ninguno
2026-09-23,Aguacate malla 4 ud,15,0,22,15,0,0,0,0,0,Final,0,92,Ninguno
2026-09-23,Crema de pistacho Hacendado 200 g,10,0,22,15,0,0,0,0,0,Final,0,92,Ninguno
2026-09-23,Zumo de naranja exprimido 1 L,21,0,22,15,0,0,0,0,0,Final,0,92,Ninguno
2026-09-23,Kéfir natural Hacendado,30,0,22,15,0,0,0,0,0,Final,0,92,Ninguno
2026-09-23,Queso fresco batido 0 % Hacendado,39,0,22,15,0,0,0,0,0,Final,0,92,Ninguno
2026-09-23,Yogur griego Hacendado,62,0,22,15,0,0,0,0,0,Final,0,92,Ninguno
2026-09-23,Plátano de Canarias 1 kg,96,0,22,15,0,0,0,0,0,Final,0,92,Ninguno
2026-09-23,Naranja de mesa 2 kg,52,0,22,15,0,0,0,0,0,Final,0,92,Ninguno
2026-09-23,Lechuga iceberg,81,0,22,15,0,0,0,0,0,Final,0,92,Ninguno
"2026-09-24,""Agua mineral Bronchales 1,5 L"",402,0,29,18,0,0,0,0,0,Final,0,89,Ninguno"
2026-09-24,Leche entera Hacendado 1 L,346,0,29,18,0,0,0,0,0,Final,0,89,Ninguno
2026-09-24,Leche semidesnatada Hacendado 1 L,365,0,29,18,0,0,0,0,0,Final,0,89,Ninguno
2026-09-24,Yogur natural Hacendado,200,0,29,18,0,0,0,0,0,Final,0,89,Ninguno
2026-09-24,Huevos L docena,156,0,29,18,0,0,0,0,0,Final,0,89,Ninguno
2026-09-24,Barra de pan,518,0,29,18,0,0,0,0,0,Final,0,89,Ninguno
2026-09-24,Pechuga de pollo fileteada 500 g,117,0,29,18,0,0,0,0,0,Final,0,89,Ninguno
2026-09-24,Horchata Hacendado 1 L,66,0,29,18,0,0,0,0,0,Final,0,89,Ninguno
2026-09-24,Polos de limón Hacendado 10 ud,51,0,29,18,0,0,0,0,0,Final,0,89,Ninguno
2026-09-24,Sandía baja en semillas,108,0,29,18,0,0,0,0,0,Final,0,89,Ninguno
2026-09-24,Conos nata y chocolate Hacendado,77,0,29,18,0,0,0,0,0,Final,0,89,Ninguno
2026-09-24,Fresas 500 g,40,0,29,18,0,0,0,0,0,Final,0,89,Ninguno
2026-09-24,Cerveza Steinburg lata,103,0,29,18,0,0,0,0,0,Final,0,89,Ninguno
2026-09-24,Refresco de cola Hacendado 2 L,69,0,29,18,0,0,0,0,0,Final,0,89,Ninguno
2026-09-24,Hamburguesa de vacuno,42,0,29,18,0,0,0,0,0,Final,0,89,Ninguno
2026-09-24,Patatas fritas lisas Hacendado,59,0,29,18,0,0,0,0,0,Final,0,89,Ninguno
2026-09-24,Hummus clásico Hacendado,35,0,29,18,0,0,0,0,0,Final,0,89,Ninguno
2026-09-24,Salmón fresco en lomos 250 g,19,0,29,18,0,0,0,0,0,Final,0,89,Ninguno
2026-09-24,Aguacate malla 4 ud,15,0,29,18,0,0,0,0,0,Final,0,89,Ninguno
2026-09-24,Crema de pistacho Hacendado 200 g,10,0,29,18,0,0,0,0,0,Final,0,89,Ninguno
2026-09-24,Zumo de naranja exprimido 1 L,23,0,29,18,0,0,0,0,0,Final,0,89,Ninguno
2026-09-24,Kéfir natural Hacendado,30,0,29,18,0,0,0,0,0,Final,0,89,Ninguno
2026-09-24,Queso fresco batido 0 % Hacendado,40,0,29,18,0,0,0,0,0,Final,0,89,Ninguno
2026-09-24,Yogur griego Hacendado,59,0,29,18,0,0,0,0,0,Final,0,89,Ninguno
2026-09-24,Plátano de Canarias 1 kg,97,0,29,18,0,0,0,0,0,Final,0,89,Ninguno
2026-09-24,Naranja de mesa 2 kg,51,0,29,18,0,0,0,0,0,Final,0,89,Ninguno
2026-09-24,Lechuga iceberg,81,0,29,18,0,0,0,0,0,Final,0,89,Ninguno
"2026-09-25,""Agua mineral Bronchales 1,5 L"",420,0,33,11,0,0,49,0,0,Final,0,84,Ninguno"
2026-09-25,Leche entera Hacendado 1 L,360,0,33,11,0,0,49,0,0,Final,0,84,Ninguno
2026-09-25,Leche semidesnatada Hacendado 1 L,355,0,33,11,0,0,49,0,0,Final,0,84,Ninguno
2026-09-25,Yogur natural Hacendado,193,0,33,11,0,0,49,0,0,Final,0,84,Ninguno
2026-09-25,Huevos L docena,157,0,33,11,0,0,49,0,0,Final,0,84,Ninguno
2026-09-25,Barra de pan,481,0,33,11,0,0,49,0,0,Final,0,84,Ninguno
2026-09-25,Pechuga de pollo fileteada 500 g,126,0,33,11,0,0,49,0,0,Final,0,84,Ninguno
2026-09-25,Horchata Hacendado 1 L,88,0,33,11,0,0,49,0,0,Final,0,84,Ninguno
2026-09-25,Polos de limón Hacendado 10 ud,69,0,33,11,0,0,49,0,0,Final,0,84,Ninguno
2026-09-25,Sandía baja en semillas,149,0,33,11,0,0,49,0,0,Final,0,84,Ninguno
2026-09-25,Conos nata y chocolate Hacendado,104,0,33,11,0,0,49,0,0,Final,0,84,Ninguno
2026-09-25,Fresas 500 g,56,0,33,11,0,0,49,0,0,Final,0,84,Ninguno
2026-09-25,Cerveza Steinburg lata,100,0,33,11,0,0,49,0,0,Final,0,84,Ninguno
2026-09-25,Refresco de cola Hacendado 2 L,68,0,33,11,0,0,49,0,0,Final,0,84,Ninguno
2026-09-25,Hamburguesa de vacuno,44,0,33,11,0,0,49,0,0,Final,0,84,Ninguno
2026-09-25,Patatas fritas lisas Hacendado,59,0,33,11,0,0,49,0,0,Final,0,84,Ninguno
2026-09-25,Hummus clásico Hacendado,34,0,33,11,0,0,49,0,0,Final,0,84,Ninguno
2026-09-25,Salmón fresco en lomos 250 g,21,0,33,11,0,0,49,0,0,Final,0,84,Ninguno
2026-09-25,Aguacate malla 4 ud,15,0,33,11,0,0,49,0,0,Final,0,84,Ninguno
2026-09-25,Crema de pistacho Hacendado 200 g,10,0,33,11,0,0,49,0,0,Final,0,84,Ninguno
2026-09-25,Zumo de naranja exprimido 1 L,22,0,33,11,0,0,49,0,0,Final,0,84,Ninguno
2026-09-25,Kéfir natural Hacendado,29,0,33,11,0,0,49,0,0,Final,0,84,Ninguno
2026-09-25,Queso fresco batido 0 % Hacendado,39,0,33,11,0,0,49,0,0,Final,0,84,Ninguno
2026-09-25,Yogur griego Hacendado,61,0,33,11,0,0,49,0,0,Final,0,84,Ninguno
2026-09-25,Plátano de Canarias 1 kg,100,0,33,11,0,0,49,0,0,Final,0,84,Ninguno
2026-09-25,Naranja de mesa 2 kg,52,0,33,11,0,0,49,0,0,Final,0,84,Ninguno
2026-09-25,Lechuga iceberg,81,0,33,11,0,0,49,0,0,Final,0,84,Ninguno
"2026-09-26,""Agua mineral Bronchales 1,5 L"",420,63,37,11,0,0,0,0,0,Final,0,78,Ninguno"
2026-09-26,Leche entera Hacendado 1 L,359,63,37,11,0,0,0,0,0,Final,0,78,Ninguno
2026-09-26,Leche semidesnatada Hacendado 1 L,348,63,37,11,0,0,0,0,0,Final,0,78,Ninguno
2026-09-26,Yogur natural Hacendado,192,63,37,11,0,0,0,0,0,Final,0,78,Ninguno
2026-09-26,Huevos L docena,152,63,37,11,0,0,0,0,0,Final,0,78,Ninguno
2026-09-26,Barra de pan,519,63,37,11,0,0,0,0,0,Final,0,78,Ninguno
2026-09-26,Pechuga de pollo fileteada 500 g,119,63,37,11,0,0,0,0,0,Final,0,78,Ninguno
2026-09-26,Horchata Hacendado 1 L,49,63,37,11,0,0,0,0,0,Final,0,78,Ninguno
2026-09-26,Polos de limón Hacendado 10 ud,40,63,37,11,0,0,0,0,0,Final,0,78,Ninguno
2026-09-26,Sandía baja en semillas,74,63,37,11,0,0,0,0,0,Final,0,78,Ninguno
2026-09-26,Conos nata y chocolate Hacendado,60,63,37,11,0,0,0,0,0,Final,0,78,Ninguno
2026-09-26,Fresas 500 g,28,63,37,11,0,0,0,0,0,Final,0,78,Ninguno
2026-09-26,Cerveza Steinburg lata,104,63,37,11,0,0,0,0,0,Final,0,78,Ninguno
2026-09-26,Refresco de cola Hacendado 2 L,68,63,37,11,0,0,0,0,0,Final,0,78,Ninguno
2026-09-26,Hamburguesa de vacuno,42,63,37,11,0,0,0,0,0,Final,0,78,Ninguno
2026-09-26,Patatas fritas lisas Hacendado,56,63,37,11,0,0,0,0,0,Final,0,78,Ninguno
2026-09-26,Hummus clásico Hacendado,36,63,37,11,0,0,0,0,0,Final,0,78,Ninguno
2026-09-26,Salmón fresco en lomos 250 g,19,63,37,11,0,0,0,0,0,Final,0,78,Ninguno
2026-09-26,Aguacate malla 4 ud,14,63,37,11,0,0,0,0,0,Final,0,78,Ninguno
2026-09-26,Crema de pistacho Hacendado 200 g,10,63,37,11,0,0,0,0,0,Final,0,78,Ninguno
2026-09-26,Zumo de naranja exprimido 1 L,23,63,37,11,0,0,0,0,0,Final,0,78,Ninguno
2026-09-26,Kéfir natural Hacendado,29,63,37,11,0,0,0,0,0,Final,0,78,Ninguno
2026-09-26,Queso fresco batido 0 % Hacendado,42,63,37,11,0,0,0,0,0,Final,0,78,Ninguno
2026-09-26,Yogur griego Hacendado,58,63,37,11,0,0,0,0,0,Final,0,78,Ninguno
2026-09-26,Plátano de Canarias 1 kg,100,63,37,11,0,0,0,0,0,Final,0,78,Ninguno
2026-09-26,Naranja de mesa 2 kg,49,63,37,11,0,0,0,0,0,Final,0,78,Ninguno
2026-09-26,Lechuga iceberg,78,63,37,11,0,0,0,0,0,Final,0,78,Ninguno
"2026-09-27,""Agua mineral Bronchales 1,5 L"",420,0,34,19,0,0,0,0,0,Final,0,82,Ninguno"
2026-09-27,Leche entera Hacendado 1 L,343,0,34,19,0,0,0,0,0,Final,0,82,Ninguno
2026-09-27,Leche semidesnatada Hacendado 1 L,366,0,34,19,0,0,0,0,0,Final,0,82,Ninguno
2026-09-27,Yogur natural Hacendado,204,0,34,19,0,0,0,0,0,Final,0,82,Ninguno
2026-09-27,Huevos L docena,149,0,34,19,0,0,0,0,0,Final,0,82,Ninguno
2026-09-27,Barra de pan,490,0,34,19,0,0,0,0,0,Final,0,82,Ninguno
2026-09-27,Pechuga de pollo fileteada 500 g,126,0,34,19,0,0,0,0,0,Final,0,82,Ninguno
2026-09-27,Horchata Hacendado 1 L,101,0,34,19,0,0,0,0,0,Final,0,82,Ninguno
2026-09-27,Polos de limón Hacendado 10 ud,75,0,34,19,0,0,0,0,0,Final,0,82,Ninguno
2026-09-27,Sandía baja en semillas,154,0,34,19,0,0,0,0,0,Final,0,82,Ninguno
2026-09-27,Conos nata y chocolate Hacendado,115,0,34,19,0,0,0,0,0,Final,0,82,Ninguno
2026-09-27,Fresas 500 g,57,0,34,19,0,0,0,0,0,Final,0,82,Ninguno
2026-09-27,Cerveza Steinburg lata,107,0,34,19,0,0,0,0,0,Final,0,82,Ninguno
2026-09-27,Refresco de cola Hacendado 2 L,67,0,34,19,0,0,0,0,0,Final,0,82,Ninguno
2026-09-27,Hamburguesa de vacuno,43,0,34,19,0,0,0,0,0,Final,0,82,Ninguno
2026-09-27,Patatas fritas lisas Hacendado,55,0,34,19,0,0,0,0,0,Final,0,82,Ninguno
2026-09-27,Hummus clásico Hacendado,33,0,34,19,0,0,0,0,0,Final,0,82,Ninguno
2026-09-27,Salmón fresco en lomos 250 g,21,0,34,19,0,0,0,0,0,Final,0,82,Ninguno
2026-09-27,Aguacate malla 4 ud,15,0,34,19,0,0,0,0,0,Final,0,82,Ninguno
2026-09-27,Crema de pistacho Hacendado 200 g,10,0,34,19,0,0,0,0,0,Final,0,82,Ninguno
2026-09-27,Zumo de naranja exprimido 1 L,23,0,34,19,0,0,0,0,0,Final,0,82,Ninguno
2026-09-27,Kéfir natural Hacendado,31,0,34,19,0,0,0,0,0,Final,0,82,Ninguno
2026-09-27,Queso fresco batido 0 % Hacendado,41,0,34,19,0,0,0,0,0,Final,0,82,Ninguno
2026-09-27,Yogur griego Hacendado,62,0,34,19,0,0,0,0,0,Final,0,82,Ninguno
2026-09-27,Plátano de Canarias 1 kg,103,0,34,19,0,0,0,0,0,Final,0,82,Ninguno
2026-09-27,Naranja de mesa 2 kg,49,0,34,19,0,0,0,0,0,Final,0,82,Ninguno
2026-09-27,Lechuga iceberg,82,0,34,19,0,0,0,0,0,Final,0,82,Ninguno
"2026-09-28,""Agua mineral Bronchales 1,5 L"",405,0,26,18,0,0,0,0,0,Final,0,68,Ninguno"
2026-09-28,Leche entera Hacendado 1 L,364,0,26,18,0,0,0,0,0,Final,0,68,Ninguno
2026-09-28,Leche semidesnatada Hacendado 1 L,355,0,26,18,0,0,0,0,0,Final,0,68,Ninguno
2026-09-28,Yogur natural Hacendado,196,0,26,18,0,0,0,0,0,Final,0,68,Ninguno
2026-09-28,Huevos L docena,149,0,26,18,0,0,0,0,0,Final,0,68,Ninguno
2026-09-28,Barra de pan,504,0,26,18,0,0,0,0,0,Final,0,68,Ninguno
2026-09-28,Pechuga de pollo fileteada 500 g,123,0,26,18,0,0,0,0,0,Final,0,68,Ninguno
2026-09-28,Horchata Hacendado 1 L,52,0,26,18,0,0,0,0,0,Final,0,68,Ninguno
2026-09-28,Polos de limón Hacendado 10 ud,42,0,26,18,0,0,0,0,0,Final,0,68,Ninguno
2026-09-28,Sandía baja en semillas,89,0,26,18,0,0,0,0,0,Final,0,68,Ninguno
2026-09-28,Conos nata y chocolate Hacendado,63,0,26,18,0,0,0,0,0,Final,0,68,Ninguno
2026-09-28,Fresas 500 g,31,0,26,18,0,0,0,0,0,Final,0,68,Ninguno
2026-09-28,Cerveza Steinburg lata,105,0,26,18,0,0,0,0,0,Final,0,68,Ninguno
2026-09-28,Refresco de cola Hacendado 2 L,73,0,26,18,0,0,0,0,0,Final,0,68,Ninguno
2026-09-28,Hamburguesa de vacuno,42,0,26,18,0,0,0,0,0,Final,0,68,Ninguno
2026-09-28,Patatas fritas lisas Hacendado,58,0,26,18,0,0,0,0,0,Final,0,68,Ninguno
2026-09-28,Hummus clásico Hacendado,36,0,26,18,0,0,0,0,0,Final,0,68,Ninguno
2026-09-28,Salmón fresco en lomos 250 g,20,0,26,18,0,0,0,0,0,Final,0,68,Ninguno
2026-09-28,Aguacate malla 4 ud,15,0,26,18,0,0,0,0,0,Final,0,68,Ninguno
2026-09-28,Crema de pistacho Hacendado 200 g,10,0,26,18,0,0,0,0,0,Final,0,68,Ninguno
2026-09-28,Zumo de naranja exprimido 1 L,23,0,26,18,0,0,0,0,0,Final,0,68,Ninguno
2026-09-28,Kéfir natural Hacendado,31,0,26,18,0,0,0,0,0,Final,0,68,Ninguno
2026-09-28,Queso fresco batido 0 % Hacendado,39,0,26,18,0,0,0,0,0,Final,0,68,Ninguno
2026-09-28,Yogur griego Hacendado,58,0,26,18,0,0,0,0,0,Final,0,68,Ninguno
2026-09-28,Plátano de Canarias 1 kg,105,0,26,18,0,0,0,0,0,Final,0,68,Ninguno
2026-09-28,Naranja de mesa 2 kg,48,0,26,18,0,0,0,0,0,Final,0,68,Ninguno
2026-09-28,Lechuga iceberg,84,0,26,18,0,0,0,0,0,Final,0,68,Ninguno
"2026-09-29,""Agua mineral Bronchales 1,5 L"",398,93,32,21,0,0,0,0,0,Final,0,67,Ninguno"
2026-09-29,Leche entera Hacendado 1 L,356,93,32,21,0,0,0,0,0,Final,0,67,Ninguno
2026-09-29,Leche semidesnatada Hacendado 1 L,356,93,32,21,0,0,0,0,0,Final,0,67,Ninguno
2026-09-29,Yogur natural Hacendado,202,93,32,21,0,0,0,0,0,Final,0,67,Ninguno
2026-09-29,Huevos L docena,155,93,32,21,0,0,0,0,0,Final,0,67,Ninguno
2026-09-29,Barra de pan,522,93,32,21,0,0,0,0,0,Final,0,67,Ninguno
2026-09-29,Pechuga de pollo fileteada 500 g,115,93,32,21,0,0,0,0,0,Final,0,67,Ninguno
2026-09-29,Horchata Hacendado 1 L,27,93,32,21,0,0,0,0,0,Final,0,67,Ninguno
2026-09-29,Polos de limón Hacendado 10 ud,21,93,32,21,0,0,0,0,0,Final,0,67,Ninguno
2026-09-29,Sandía baja en semillas,46,93,32,21,0,0,0,0,0,Final,0,67,Ninguno
2026-09-29,Conos nata y chocolate Hacendado,34,93,32,21,0,0,0,0,0,Final,0,67,Ninguno
2026-09-29,Fresas 500 g,17,93,32,21,0,0,0,0,0,Final,0,67,Ninguno
2026-09-29,Cerveza Steinburg lata,102,93,32,21,0,0,0,0,0,Final,0,67,Ninguno
2026-09-29,Refresco de cola Hacendado 2 L,67,93,32,21,0,0,0,0,0,Final,0,67,Ninguno
2026-09-29,Hamburguesa de vacuno,43,93,32,21,0,0,0,0,0,Final,0,67,Ninguno
2026-09-29,Patatas fritas lisas Hacendado,58,93,32,21,0,0,0,0,0,Final,0,67,Ninguno
2026-09-29,Hummus clásico Hacendado,34,93,32,21,0,0,0,0,0,Final,0,67,Ninguno
2026-09-29,Salmón fresco en lomos 250 g,20,93,32,21,0,0,0,0,0,Final,0,67,Ninguno
2026-09-29,Aguacate malla 4 ud,14,93,32,21,0,0,0,0,0,Final,0,67,Ninguno
2026-09-29,Crema de pistacho Hacendado 200 g,10,93,32,21,0,0,0,0,0,Final,0,67,Ninguno
2026-09-29,Zumo de naranja exprimido 1 L,22,93,32,21,0,0,0,0,0,Final,0,67,Ninguno
2026-09-29,Kéfir natural Hacendado,30,93,32,21,0,0,0,0,0,Final,0,67,Ninguno
2026-09-29,Queso fresco batido 0 % Hacendado,38,93,32,21,0,0,0,0,0,Final,0,67,Ninguno
2026-09-29,Yogur griego Hacendado,62,93,32,21,0,0,0,0,0,Final,0,67,Ninguno
2026-09-29,Plátano de Canarias 1 kg,96,93,32,21,0,0,0,0,0,Final,0,67,Ninguno
2026-09-29,Naranja de mesa 2 kg,50,93,32,21,0,0,0,0,0,Final,0,67,Ninguno
2026-09-29,Lechuga iceberg,81,93,32,21,0,0,0,0,0,Final,0,67,Ninguno
"2026-09-30,""Agua mineral Bronchales 1,5 L"",413,0,37,23,0,0,84,0,0,Final,0,66,Ninguno"
2026-09-30,Leche entera Hacendado 1 L,354,0,37,23,0,0,84,0,0,Final,0,66,Ninguno
2026-09-30,Leche semidesnatada Hacendado 1 L,365,0,37,23,0,0,84,0,0,Final,0,66,Ninguno
2026-09-30,Yogur natural Hacendado,196,0,37,23,0,0,84,0,0,Final,0,66,Ninguno
2026-09-30,Huevos L docena,153,0,37,23,0,0,84,0,0,Final,0,66,Ninguno
2026-09-30,Barra de pan,486,0,37,23,0,0,84,0,0,Final,0,66,Ninguno
2026-09-30,Pechuga de pollo fileteada 500 g,119,0,37,23,0,0,84,0,0,Final,0,66,Ninguno
2026-09-30,Horchata Hacendado 1 L,106,0,37,23,0,0,84,0,0,Final,0,66,Ninguno
2026-09-30,Polos de limón Hacendado 10 ud,86,0,37,23,0,0,84,0,0,Final,0,66,Ninguno
2026-09-30,Sandía baja en semillas,182,0,37,23,0,0,84,0,0,Final,0,66,Ninguno
2026-09-30,Conos nata y chocolate Hacendado,129,0,37,23,0,0,84,0,0,Final,0,66,Ninguno
2026-09-30,Fresas 500 g,68,0,37,23,0,0,84,0,0,Final,0,66,Ninguno
2026-09-30,Cerveza Steinburg lata,107,0,37,23,0,0,84,0,0,Final,0,66,Ninguno
2026-09-30,Refresco de cola Hacendado 2 L,67,0,37,23,0,0,84,0,0,Final,0,66,Ninguno
2026-09-30,Hamburguesa de vacuno,41,0,37,23,0,0,84,0,0,Final,0,66,Ninguno
2026-09-30,Patatas fritas lisas Hacendado,59,0,37,23,0,0,84,0,0,Final,0,66,Ninguno
2026-09-30,Hummus clásico Hacendado,37,0,37,23,0,0,84,0,0,Final,0,66,Ninguno
2026-09-30,Salmón fresco en lomos 250 g,21,0,37,23,0,0,84,0,0,Final,0,66,Ninguno
2026-09-30,Aguacate malla 4 ud,14,0,37,23,0,0,84,0,0,Final,0,66,Ninguno
2026-09-30,Crema de pistacho Hacendado 200 g,10,0,37,23,0,0,84,0,0,Final,0,66,Ninguno
2026-09-30,Zumo de naranja exprimido 1 L,23,0,37,23,0,0,84,0,0,Final,0,66,Ninguno
2026-09-30,Kéfir natural Hacendado,31,0,37,23,0,0,84,0,0,Final,0,66,Ninguno
2026-09-30,Queso fresco batido 0 % Hacendado,38,0,37,23,0,0,84,0,0,Final,0,66,Ninguno
2026-09-30,Yogur griego Hacendado,59,0,37,23,0,0,84,0,0,Final,0,66,Ninguno
2026-09-30,Plátano de Canarias 1 kg,105,0,37,23,0,0,84,0,0,Final,0,66,Ninguno
2026-09-30,Naranja de mesa 2 kg,51,0,37,23,0,0,84,0,0,Final,0,66,Ninguno
2026-09-30,Lechuga iceberg,78,0,37,23,0,0,84,0,0,Final,0,66,Ninguno
